"ID","longitude","latitude"
"X1",-46.25,-22.75
"X2",-46.1,-22.75
"X3",-45.95,-22.75
"X4",-45.8,-22.75
"X5",-46.4,-22.6
"X6",-46.25,-22.6
"X7",-46.1,-22.6
"X8",-45.95,-22.6
"X9",-45.8,-22.6
"X10",-45.65,-22.6
"X11",-45.5,-22.6
"X12",-45.35,-22.6
"X13",-46.55,-22.45
"X14",-46.4,-22.45
"X15",-46.25,-22.45
"X16",-46.1,-22.45
"X17",-45.95,-22.45
"X18",-45.8,-22.45
"X19",-45.65,-22.45
"X20",-45.5,-22.45
"X21",-45.35,-22.45
"X22",-45.2,-22.45
"X23",-45.05,-22.45
"X24",-44.9,-22.45
"X25",-46.7,-22.3
"X26",-46.55,-22.3
"X27",-46.4,-22.3
"X28",-46.25,-22.3
"X29",-46.1,-22.3
"X30",-45.95,-22.3
"X31",-45.8,-22.3
"X32",-45.65,-22.3
"X33",-45.5,-22.3
"X34",-45.35,-22.3
"X35",-45.2,-22.3
"X36",-45.05,-22.3
"X37",-44.9,-22.3
"X38",-44.75,-22.3
"X39",-44.6,-22.3
"X40",-46.55,-22.15
"X41",-46.4,-22.15
"X42",-46.25,-22.15
"X43",-46.1,-22.15
"X44",-45.95,-22.15
"X45",-45.8,-22.15
"X46",-45.65,-22.15
"X47",-45.5,-22.15
"X48",-45.35,-22.15
"X49",-45.2,-22.15
"X50",-45.05,-22.15
"X51",-44.9,-22.15
"X52",-44.75,-22.15
"X53",-44.6,-22.15
"X54",-44.45,-22.15
"X55",-44.3,-22.15
"X56",-44.15,-22.15
"X57",-44,-22.15
"X58",-46.55,-22
"X59",-46.4,-22
"X60",-46.25,-22
"X61",-46.1,-22
"X62",-45.95,-22
"X63",-45.8,-22
"X64",-45.65,-22
"X65",-45.5,-22
"X66",-45.35,-22
"X67",-45.2,-22
"X68",-45.05,-22
"X69",-44.9,-22
"X70",-44.75,-22
"X71",-44.6,-22
"X72",-44.45,-22
"X73",-44.3,-22
"X74",-44.15,-22
"X75",-44,-22
"X76",-43.85,-22
"X77",-43.7,-22
"X78",-43.55,-22
"X79",-43.4,-22
"X80",-43.25,-22
"X81",-43.1,-22
"X82",-42.95,-22
"X83",-46.55,-21.85
"X84",-46.4,-21.85
"X85",-46.25,-21.85
"X86",-46.1,-21.85
"X87",-45.95,-21.85
"X88",-45.8,-21.85
"X89",-45.65,-21.85
"X90",-45.5,-21.85
"X91",-45.35,-21.85
"X92",-45.2,-21.85
"X93",-45.05,-21.85
"X94",-44.9,-21.85
"X95",-44.75,-21.85
"X96",-44.6,-21.85
"X97",-44.45,-21.85
"X98",-44.3,-21.85
"X99",-44.15,-21.85
"X100",-44,-21.85
"X101",-43.85,-21.85
"X102",-43.7,-21.85
"X103",-43.55,-21.85
"X104",-43.4,-21.85
"X105",-43.25,-21.85
"X106",-43.1,-21.85
"X107",-42.95,-21.85
"X108",-42.8,-21.85
"X109",-42.65,-21.85
"X110",-46.55,-21.7
"X111",-46.4,-21.7
"X112",-46.25,-21.7
"X113",-46.1,-21.7
"X114",-45.95,-21.7
"X115",-45.8,-21.7
"X116",-45.65,-21.7
"X117",-45.5,-21.7
"X118",-45.35,-21.7
"X119",-45.2,-21.7
"X120",-45.05,-21.7
"X121",-44.9,-21.7
"X122",-44.75,-21.7
"X123",-44.6,-21.7
"X124",-44.45,-21.7
"X125",-44.3,-21.7
"X126",-44.15,-21.7
"X127",-44,-21.7
"X128",-43.85,-21.7
"X129",-43.7,-21.7
"X130",-43.55,-21.7
"X131",-43.4,-21.7
"X132",-43.25,-21.7
"X133",-43.1,-21.7
"X134",-42.95,-21.7
"X135",-42.8,-21.7
"X136",-42.65,-21.7
"X137",-42.5,-21.7
"X138",-42.35,-21.7
"X139",-46.4,-21.55
"X140",-46.25,-21.55
"X141",-46.1,-21.55
"X142",-45.95,-21.55
"X143",-45.8,-21.55
"X144",-45.65,-21.55
"X145",-45.5,-21.55
"X146",-45.35,-21.55
"X147",-45.2,-21.55
"X148",-45.05,-21.55
"X149",-44.9,-21.55
"X150",-44.75,-21.55
"X151",-44.6,-21.55
"X152",-44.45,-21.55
"X153",-44.3,-21.55
"X154",-44.15,-21.55
"X155",-44,-21.55
"X156",-43.85,-21.55
"X157",-43.7,-21.55
"X158",-43.55,-21.55
"X159",-43.4,-21.55
"X160",-43.25,-21.55
"X161",-43.1,-21.55
"X162",-42.95,-21.55
"X163",-42.8,-21.55
"X164",-42.65,-21.55
"X165",-42.5,-21.55
"X166",-42.35,-21.55
"X167",-47,-21.4
"X168",-46.55,-21.4
"X169",-46.4,-21.4
"X170",-46.25,-21.4
"X171",-46.1,-21.4
"X172",-45.95,-21.4
"X173",-45.8,-21.4
"X174",-45.65,-21.4
"X175",-45.5,-21.4
"X176",-45.35,-21.4
"X177",-45.2,-21.4
"X178",-45.05,-21.4
"X179",-44.9,-21.4
"X180",-44.75,-21.4
"X181",-44.6,-21.4
"X182",-44.45,-21.4
"X183",-44.3,-21.4
"X184",-44.15,-21.4
"X185",-44,-21.4
"X186",-43.85,-21.4
"X187",-43.7,-21.4
"X188",-43.55,-21.4
"X189",-43.4,-21.4
"X190",-43.25,-21.4
"X191",-43.1,-21.4
"X192",-42.95,-21.4
"X193",-42.8,-21.4
"X194",-42.65,-21.4
"X195",-42.5,-21.4
"X196",-42.35,-21.4
"X197",-47,-21.25
"X198",-46.85,-21.25
"X199",-46.7,-21.25
"X200",-46.55,-21.25
"X201",-46.4,-21.25
"X202",-46.25,-21.25
"X203",-46.1,-21.25
"X204",-45.95,-21.25
"X205",-45.8,-21.25
"X206",-45.65,-21.25
"X207",-45.5,-21.25
"X208",-45.35,-21.25
"X209",-45.2,-21.25
"X210",-45.05,-21.25
"X211",-44.9,-21.25
"X212",-44.75,-21.25
"X213",-44.6,-21.25
"X214",-44.45,-21.25
"X215",-44.3,-21.25
"X216",-44.15,-21.25
"X217",-44,-21.25
"X218",-43.85,-21.25
"X219",-43.7,-21.25
"X220",-43.55,-21.25
"X221",-43.4,-21.25
"X222",-43.25,-21.25
"X223",-43.1,-21.25
"X224",-42.95,-21.25
"X225",-42.8,-21.25
"X226",-42.65,-21.25
"X227",-42.5,-21.25
"X228",-42.35,-21.25
"X229",-42.2,-21.25
"X230",-47,-21.1
"X231",-46.85,-21.1
"X232",-46.7,-21.1
"X233",-46.55,-21.1
"X234",-46.4,-21.1
"X235",-46.25,-21.1
"X236",-46.1,-21.1
"X237",-45.95,-21.1
"X238",-45.8,-21.1
"X239",-45.65,-21.1
"X240",-45.5,-21.1
"X241",-45.35,-21.1
"X242",-45.2,-21.1
"X243",-45.05,-21.1
"X244",-44.9,-21.1
"X245",-44.75,-21.1
"X246",-44.6,-21.1
"X247",-44.45,-21.1
"X248",-44.3,-21.1
"X249",-44.15,-21.1
"X250",-44,-21.1
"X251",-43.85,-21.1
"X252",-43.7,-21.1
"X253",-43.55,-21.1
"X254",-43.4,-21.1
"X255",-43.25,-21.1
"X256",-43.1,-21.1
"X257",-42.95,-21.1
"X258",-42.8,-21.1
"X259",-42.65,-21.1
"X260",-42.5,-21.1
"X261",-42.35,-21.1
"X262",-42.2,-21.1
"X263",-47.15,-20.95
"X264",-47,-20.95
"X265",-46.85,-20.95
"X266",-46.7,-20.95
"X267",-46.55,-20.95
"X268",-46.4,-20.95
"X269",-46.25,-20.95
"X270",-46.1,-20.95
"X271",-45.95,-20.95
"X272",-45.8,-20.95
"X273",-45.65,-20.95
"X274",-45.5,-20.95
"X275",-45.35,-20.95
"X276",-45.2,-20.95
"X277",-45.05,-20.95
"X278",-44.9,-20.95
"X279",-44.75,-20.95
"X280",-44.6,-20.95
"X281",-44.45,-20.95
"X282",-44.3,-20.95
"X283",-44.15,-20.95
"X284",-44,-20.95
"X285",-43.85,-20.95
"X286",-43.7,-20.95
"X287",-43.55,-20.95
"X288",-43.4,-20.95
"X289",-43.25,-20.95
"X290",-43.1,-20.95
"X291",-42.95,-20.95
"X292",-42.8,-20.95
"X293",-42.65,-20.95
"X294",-42.5,-20.95
"X295",-42.35,-20.95
"X296",-42.2,-20.95
"X297",-47.15,-20.8
"X298",-47,-20.8
"X299",-46.85,-20.8
"X300",-46.7,-20.8
"X301",-46.55,-20.8
"X302",-46.4,-20.8
"X303",-46.25,-20.8
"X304",-46.1,-20.8
"X305",-45.95,-20.8
"X306",-45.8,-20.8
"X307",-45.65,-20.8
"X308",-45.5,-20.8
"X309",-45.35,-20.8
"X310",-45.2,-20.8
"X311",-45.05,-20.8
"X312",-44.9,-20.8
"X313",-44.75,-20.8
"X314",-44.6,-20.8
"X315",-44.45,-20.8
"X316",-44.3,-20.8
"X317",-44.15,-20.8
"X318",-44,-20.8
"X319",-43.85,-20.8
"X320",-43.7,-20.8
"X321",-43.55,-20.8
"X322",-43.4,-20.8
"X323",-43.25,-20.8
"X324",-43.1,-20.8
"X325",-42.95,-20.8
"X326",-42.8,-20.8
"X327",-42.65,-20.8
"X328",-42.5,-20.8
"X329",-42.35,-20.8
"X330",-42.2,-20.8
"X331",-42.05,-20.8
"X332",-47,-20.65
"X333",-46.85,-20.65
"X334",-46.7,-20.65
"X335",-46.55,-20.65
"X336",-46.4,-20.65
"X337",-46.25,-20.65
"X338",-46.1,-20.65
"X339",-45.95,-20.65
"X340",-45.8,-20.65
"X341",-45.65,-20.65
"X342",-45.5,-20.65
"X343",-45.35,-20.65
"X344",-45.2,-20.65
"X345",-45.05,-20.65
"X346",-44.9,-20.65
"X347",-44.75,-20.65
"X348",-44.6,-20.65
"X349",-44.45,-20.65
"X350",-44.3,-20.65
"X351",-44.15,-20.65
"X352",-44,-20.65
"X353",-43.85,-20.65
"X354",-43.7,-20.65
"X355",-43.55,-20.65
"X356",-43.4,-20.65
"X357",-43.25,-20.65
"X358",-43.1,-20.65
"X359",-42.95,-20.65
"X360",-42.8,-20.65
"X361",-42.65,-20.65
"X362",-42.5,-20.65
"X363",-42.35,-20.65
"X364",-42.2,-20.65
"X365",-42.05,-20.65
"X366",-41.9,-20.65
"X367",-47.15,-20.5
"X368",-47,-20.5
"X369",-46.85,-20.5
"X370",-46.7,-20.5
"X371",-46.55,-20.5
"X372",-46.4,-20.5
"X373",-46.25,-20.5
"X374",-46.1,-20.5
"X375",-45.95,-20.5
"X376",-45.8,-20.5
"X377",-45.65,-20.5
"X378",-45.5,-20.5
"X379",-45.35,-20.5
"X380",-45.2,-20.5
"X381",-45.05,-20.5
"X382",-44.9,-20.5
"X383",-44.75,-20.5
"X384",-44.6,-20.5
"X385",-44.45,-20.5
"X386",-44.3,-20.5
"X387",-44.15,-20.5
"X388",-44,-20.5
"X389",-43.85,-20.5
"X390",-43.7,-20.5
"X391",-43.55,-20.5
"X392",-43.4,-20.5
"X393",-43.25,-20.5
"X394",-43.1,-20.5
"X395",-42.95,-20.5
"X396",-42.8,-20.5
"X397",-42.65,-20.5
"X398",-42.5,-20.5
"X399",-42.35,-20.5
"X400",-42.2,-20.5
"X401",-42.05,-20.5
"X402",-41.9,-20.5
"X403",-48.95,-20.35
"X404",-47.15,-20.35
"X405",-47,-20.35
"X406",-46.85,-20.35
"X407",-46.7,-20.35
"X408",-46.55,-20.35
"X409",-46.4,-20.35
"X410",-46.25,-20.35
"X411",-46.1,-20.35
"X412",-45.95,-20.35
"X413",-45.8,-20.35
"X414",-45.65,-20.35
"X415",-45.5,-20.35
"X416",-45.35,-20.35
"X417",-45.2,-20.35
"X418",-45.05,-20.35
"X419",-44.9,-20.35
"X420",-44.75,-20.35
"X421",-44.6,-20.35
"X422",-44.45,-20.35
"X423",-44.3,-20.35
"X424",-44.15,-20.35
"X425",-44,-20.35
"X426",-43.85,-20.35
"X427",-43.7,-20.35
"X428",-43.55,-20.35
"X429",-43.4,-20.35
"X430",-43.25,-20.35
"X431",-43.1,-20.35
"X432",-42.95,-20.35
"X433",-42.8,-20.35
"X434",-42.65,-20.35
"X435",-42.5,-20.35
"X436",-42.35,-20.35
"X437",-42.2,-20.35
"X438",-42.05,-20.35
"X439",-41.9,-20.35
"X440",-49.25,-20.2
"X441",-49.1,-20.2
"X442",-48.95,-20.2
"X443",-47.15,-20.2
"X444",-47,-20.2
"X445",-46.85,-20.2
"X446",-46.7,-20.2
"X447",-46.55,-20.2
"X448",-46.4,-20.2
"X449",-46.25,-20.2
"X450",-46.1,-20.2
"X451",-45.95,-20.2
"X452",-45.8,-20.2
"X453",-45.65,-20.2
"X454",-45.5,-20.2
"X455",-45.35,-20.2
"X456",-45.2,-20.2
"X457",-45.05,-20.2
"X458",-44.9,-20.2
"X459",-44.75,-20.2
"X460",-44.6,-20.2
"X461",-44.45,-20.2
"X462",-44.3,-20.2
"X463",-44.15,-20.2
"X464",-44,-20.2
"X465",-43.85,-20.2
"X466",-43.7,-20.2
"X467",-43.55,-20.2
"X468",-43.4,-20.2
"X469",-43.25,-20.2
"X470",-43.1,-20.2
"X471",-42.95,-20.2
"X472",-42.8,-20.2
"X473",-42.65,-20.2
"X474",-42.5,-20.2
"X475",-42.35,-20.2
"X476",-42.2,-20.2
"X477",-42.05,-20.2
"X478",-41.9,-20.2
"X479",-41.75,-20.2
"X480",-41.6,-20.2
"X481",-41.45,-20.2
"X482",-49.25,-20.05
"X483",-49.1,-20.05
"X484",-48.95,-20.05
"X485",-48.8,-20.05
"X486",-48.65,-20.05
"X487",-48.5,-20.05
"X488",-48.35,-20.05
"X489",-48.2,-20.05
"X490",-48.05,-20.05
"X491",-47.9,-20.05
"X492",-47.3,-20.05
"X493",-47.15,-20.05
"X494",-47,-20.05
"X495",-46.85,-20.05
"X496",-46.7,-20.05
"X497",-46.55,-20.05
"X498",-46.4,-20.05
"X499",-46.25,-20.05
"X500",-46.1,-20.05
"X501",-45.95,-20.05
"X502",-45.8,-20.05
"X503",-45.65,-20.05
"X504",-45.5,-20.05
"X505",-45.35,-20.05
"X506",-45.2,-20.05
"X507",-45.05,-20.05
"X508",-44.9,-20.05
"X509",-44.75,-20.05
"X510",-44.6,-20.05
"X511",-44.45,-20.05
"X512",-44.3,-20.05
"X513",-44.15,-20.05
"X514",-44,-20.05
"X515",-43.85,-20.05
"X516",-43.7,-20.05
"X517",-43.55,-20.05
"X518",-43.4,-20.05
"X519",-43.25,-20.05
"X520",-43.1,-20.05
"X521",-42.95,-20.05
"X522",-42.8,-20.05
"X523",-42.65,-20.05
"X524",-42.5,-20.05
"X525",-42.35,-20.05
"X526",-42.2,-20.05
"X527",-42.05,-20.05
"X528",-41.9,-20.05
"X529",-41.75,-20.05
"X530",-41.6,-20.05
"X531",-41.45,-20.05
"X532",-50.9,-19.9
"X533",-50.75,-19.9
"X534",-50,-19.9
"X535",-49.85,-19.9
"X536",-49.7,-19.9
"X537",-49.55,-19.9
"X538",-49.4,-19.9
"X539",-49.25,-19.9
"X540",-49.1,-19.9
"X541",-48.95,-19.9
"X542",-48.8,-19.9
"X543",-48.65,-19.9
"X544",-48.5,-19.9
"X545",-48.35,-19.9
"X546",-48.2,-19.9
"X547",-48.05,-19.9
"X548",-47.9,-19.9
"X549",-47.75,-19.9
"X550",-47.6,-19.9
"X551",-47.45,-19.9
"X552",-47.3,-19.9
"X553",-47.15,-19.9
"X554",-47,-19.9
"X555",-46.85,-19.9
"X556",-46.7,-19.9
"X557",-46.55,-19.9
"X558",-46.4,-19.9
"X559",-46.25,-19.9
"X560",-46.1,-19.9
"X561",-45.95,-19.9
"X562",-45.8,-19.9
"X563",-45.65,-19.9
"X564",-45.5,-19.9
"X565",-45.35,-19.9
"X566",-45.2,-19.9
"X567",-45.05,-19.9
"X568",-44.9,-19.9
"X569",-44.75,-19.9
"X570",-44.6,-19.9
"X571",-44.45,-19.9
"X572",-44.3,-19.9
"X573",-44.15,-19.9
"X574",-44,-19.9
"X575",-43.85,-19.9
"X576",-43.7,-19.9
"X577",-43.55,-19.9
"X578",-43.4,-19.9
"X579",-43.25,-19.9
"X580",-43.1,-19.9
"X581",-42.95,-19.9
"X582",-42.8,-19.9
"X583",-42.65,-19.9
"X584",-42.5,-19.9
"X585",-42.35,-19.9
"X586",-42.2,-19.9
"X587",-42.05,-19.9
"X588",-41.9,-19.9
"X589",-41.75,-19.9
"X590",-41.6,-19.9
"X591",-41.45,-19.9
"X592",-41.3,-19.9
"X593",-50.9,-19.75
"X594",-50.75,-19.75
"X595",-50.6,-19.75
"X596",-50.45,-19.75
"X597",-50.3,-19.75
"X598",-50.15,-19.75
"X599",-50,-19.75
"X600",-49.85,-19.75
"X601",-49.7,-19.75
"X602",-49.55,-19.75
"X603",-49.4,-19.75
"X604",-49.25,-19.75
"X605",-49.1,-19.75
"X606",-48.95,-19.75
"X607",-48.8,-19.75
"X608",-48.65,-19.75
"X609",-48.5,-19.75
"X610",-48.35,-19.75
"X611",-48.2,-19.75
"X612",-48.05,-19.75
"X613",-47.9,-19.75
"X614",-47.75,-19.75
"X615",-47.6,-19.75
"X616",-47.45,-19.75
"X617",-47.3,-19.75
"X618",-47.15,-19.75
"X619",-47,-19.75
"X620",-46.85,-19.75
"X621",-46.7,-19.75
"X622",-46.55,-19.75
"X623",-46.4,-19.75
"X624",-46.25,-19.75
"X625",-46.1,-19.75
"X626",-45.95,-19.75
"X627",-45.8,-19.75
"X628",-45.65,-19.75
"X629",-45.5,-19.75
"X630",-45.35,-19.75
"X631",-45.2,-19.75
"X632",-45.05,-19.75
"X633",-44.9,-19.75
"X634",-44.75,-19.75
"X635",-44.6,-19.75
"X636",-44.45,-19.75
"X637",-44.3,-19.75
"X638",-44.15,-19.75
"X639",-44,-19.75
"X640",-43.85,-19.75
"X641",-43.7,-19.75
"X642",-43.55,-19.75
"X643",-43.4,-19.75
"X644",-43.25,-19.75
"X645",-43.1,-19.75
"X646",-42.95,-19.75
"X647",-42.8,-19.75
"X648",-42.65,-19.75
"X649",-42.5,-19.75
"X650",-42.35,-19.75
"X651",-42.2,-19.75
"X652",-42.05,-19.75
"X653",-41.9,-19.75
"X654",-41.75,-19.75
"X655",-41.6,-19.75
"X656",-41.45,-19.75
"X657",-41.3,-19.75
"X658",-50.9,-19.6
"X659",-50.75,-19.6
"X660",-50.6,-19.6
"X661",-50.45,-19.6
"X662",-50.3,-19.6
"X663",-50.15,-19.6
"X664",-50,-19.6
"X665",-49.85,-19.6
"X666",-49.7,-19.6
"X667",-49.55,-19.6
"X668",-49.4,-19.6
"X669",-49.25,-19.6
"X670",-49.1,-19.6
"X671",-48.95,-19.6
"X672",-48.8,-19.6
"X673",-48.65,-19.6
"X674",-48.5,-19.6
"X675",-48.35,-19.6
"X676",-48.2,-19.6
"X677",-48.05,-19.6
"X678",-47.9,-19.6
"X679",-47.75,-19.6
"X680",-47.6,-19.6
"X681",-47.45,-19.6
"X682",-47.3,-19.6
"X683",-47.15,-19.6
"X684",-47,-19.6
"X685",-46.85,-19.6
"X686",-46.7,-19.6
"X687",-46.55,-19.6
"X688",-46.4,-19.6
"X689",-46.25,-19.6
"X690",-46.1,-19.6
"X691",-45.95,-19.6
"X692",-45.8,-19.6
"X693",-45.65,-19.6
"X694",-45.5,-19.6
"X695",-45.35,-19.6
"X696",-45.2,-19.6
"X697",-45.05,-19.6
"X698",-44.9,-19.6
"X699",-44.75,-19.6
"X700",-44.6,-19.6
"X701",-44.45,-19.6
"X702",-44.3,-19.6
"X703",-44.15,-19.6
"X704",-44,-19.6
"X705",-43.85,-19.6
"X706",-43.7,-19.6
"X707",-43.55,-19.6
"X708",-43.4,-19.6
"X709",-43.25,-19.6
"X710",-43.1,-19.6
"X711",-42.95,-19.6
"X712",-42.8,-19.6
"X713",-42.65,-19.6
"X714",-42.5,-19.6
"X715",-42.35,-19.6
"X716",-42.2,-19.6
"X717",-42.05,-19.6
"X718",-41.9,-19.6
"X719",-41.75,-19.6
"X720",-41.6,-19.6
"X721",-41.45,-19.6
"X722",-41.3,-19.6
"X723",-41.15,-19.6
"X724",-50.75,-19.45
"X725",-50.6,-19.45
"X726",-50.45,-19.45
"X727",-50.3,-19.45
"X728",-50.15,-19.45
"X729",-50,-19.45
"X730",-49.85,-19.45
"X731",-49.7,-19.45
"X732",-49.55,-19.45
"X733",-49.4,-19.45
"X734",-49.25,-19.45
"X735",-49.1,-19.45
"X736",-48.95,-19.45
"X737",-48.8,-19.45
"X738",-48.65,-19.45
"X739",-48.5,-19.45
"X740",-48.35,-19.45
"X741",-48.2,-19.45
"X742",-48.05,-19.45
"X743",-47.9,-19.45
"X744",-47.75,-19.45
"X745",-47.6,-19.45
"X746",-47.45,-19.45
"X747",-47.3,-19.45
"X748",-47.15,-19.45
"X749",-47,-19.45
"X750",-46.85,-19.45
"X751",-46.7,-19.45
"X752",-46.55,-19.45
"X753",-46.4,-19.45
"X754",-46.25,-19.45
"X755",-46.1,-19.45
"X756",-45.95,-19.45
"X757",-45.8,-19.45
"X758",-45.65,-19.45
"X759",-45.5,-19.45
"X760",-45.35,-19.45
"X761",-45.2,-19.45
"X762",-45.05,-19.45
"X763",-44.9,-19.45
"X764",-44.75,-19.45
"X765",-44.6,-19.45
"X766",-44.45,-19.45
"X767",-44.3,-19.45
"X768",-44.15,-19.45
"X769",-44,-19.45
"X770",-43.85,-19.45
"X771",-43.7,-19.45
"X772",-43.55,-19.45
"X773",-43.4,-19.45
"X774",-43.25,-19.45
"X775",-43.1,-19.45
"X776",-42.95,-19.45
"X777",-42.8,-19.45
"X778",-42.65,-19.45
"X779",-42.5,-19.45
"X780",-42.35,-19.45
"X781",-42.2,-19.45
"X782",-42.05,-19.45
"X783",-41.9,-19.45
"X784",-41.75,-19.45
"X785",-41.6,-19.45
"X786",-41.45,-19.45
"X787",-41.3,-19.45
"X788",-41.15,-19.45
"X789",-41,-19.45
"X790",-50.75,-19.3
"X791",-50.6,-19.3
"X792",-50.45,-19.3
"X793",-50.3,-19.3
"X794",-50.15,-19.3
"X795",-50,-19.3
"X796",-49.85,-19.3
"X797",-49.7,-19.3
"X798",-49.55,-19.3
"X799",-49.4,-19.3
"X800",-49.25,-19.3
"X801",-49.1,-19.3
"X802",-48.95,-19.3
"X803",-48.8,-19.3
"X804",-48.65,-19.3
"X805",-48.5,-19.3
"X806",-48.35,-19.3
"X807",-48.2,-19.3
"X808",-48.05,-19.3
"X809",-47.9,-19.3
"X810",-47.75,-19.3
"X811",-47.6,-19.3
"X812",-47.45,-19.3
"X813",-47.3,-19.3
"X814",-47.15,-19.3
"X815",-47,-19.3
"X816",-46.85,-19.3
"X817",-46.7,-19.3
"X818",-46.55,-19.3
"X819",-46.4,-19.3
"X820",-46.25,-19.3
"X821",-46.1,-19.3
"X822",-45.95,-19.3
"X823",-45.8,-19.3
"X824",-45.65,-19.3
"X825",-45.5,-19.3
"X826",-45.35,-19.3
"X827",-45.2,-19.3
"X828",-45.05,-19.3
"X829",-44.9,-19.3
"X830",-44.75,-19.3
"X831",-44.6,-19.3
"X832",-44.45,-19.3
"X833",-44.3,-19.3
"X834",-44.15,-19.3
"X835",-44,-19.3
"X836",-43.85,-19.3
"X837",-43.7,-19.3
"X838",-43.55,-19.3
"X839",-43.4,-19.3
"X840",-43.25,-19.3
"X841",-43.1,-19.3
"X842",-42.95,-19.3
"X843",-42.8,-19.3
"X844",-42.65,-19.3
"X845",-42.5,-19.3
"X846",-42.35,-19.3
"X847",-42.2,-19.3
"X848",-42.05,-19.3
"X849",-41.9,-19.3
"X850",-41.75,-19.3
"X851",-41.6,-19.3
"X852",-41.45,-19.3
"X853",-41.3,-19.3
"X854",-41.15,-19.3
"X855",-41,-19.3
"X856",-50.6,-19.15
"X857",-50.45,-19.15
"X858",-50.3,-19.15
"X859",-50.15,-19.15
"X860",-50,-19.15
"X861",-49.85,-19.15
"X862",-49.7,-19.15
"X863",-49.55,-19.15
"X864",-49.4,-19.15
"X865",-49.25,-19.15
"X866",-49.1,-19.15
"X867",-48.95,-19.15
"X868",-48.8,-19.15
"X869",-48.65,-19.15
"X870",-48.5,-19.15
"X871",-48.35,-19.15
"X872",-48.2,-19.15
"X873",-48.05,-19.15
"X874",-47.9,-19.15
"X875",-47.75,-19.15
"X876",-47.6,-19.15
"X877",-47.45,-19.15
"X878",-47.3,-19.15
"X879",-47.15,-19.15
"X880",-47,-19.15
"X881",-46.85,-19.15
"X882",-46.7,-19.15
"X883",-46.55,-19.15
"X884",-46.4,-19.15
"X885",-46.25,-19.15
"X886",-46.1,-19.15
"X887",-45.95,-19.15
"X888",-45.8,-19.15
"X889",-45.65,-19.15
"X890",-45.5,-19.15
"X891",-45.35,-19.15
"X892",-45.2,-19.15
"X893",-45.05,-19.15
"X894",-44.9,-19.15
"X895",-44.75,-19.15
"X896",-44.6,-19.15
"X897",-44.45,-19.15
"X898",-44.3,-19.15
"X899",-44.15,-19.15
"X900",-44,-19.15
"X901",-43.85,-19.15
"X902",-43.7,-19.15
"X903",-43.55,-19.15
"X904",-43.4,-19.15
"X905",-43.25,-19.15
"X906",-43.1,-19.15
"X907",-42.95,-19.15
"X908",-42.8,-19.15
"X909",-42.65,-19.15
"X910",-42.5,-19.15
"X911",-42.35,-19.15
"X912",-42.2,-19.15
"X913",-42.05,-19.15
"X914",-41.9,-19.15
"X915",-41.75,-19.15
"X916",-41.6,-19.15
"X917",-41.45,-19.15
"X918",-41.3,-19.15
"X919",-41.15,-19.15
"X920",-41,-19.15
"X921",-50.45,-19
"X922",-50.3,-19
"X923",-50.15,-19
"X924",-50,-19
"X925",-49.85,-19
"X926",-49.7,-19
"X927",-49.55,-19
"X928",-49.4,-19
"X929",-49.25,-19
"X930",-49.1,-19
"X931",-48.95,-19
"X932",-48.8,-19
"X933",-48.65,-19
"X934",-48.5,-19
"X935",-48.35,-19
"X936",-48.2,-19
"X937",-48.05,-19
"X938",-47.9,-19
"X939",-47.75,-19
"X940",-47.6,-19
"X941",-47.45,-19
"X942",-47.3,-19
"X943",-47.15,-19
"X944",-47,-19
"X945",-46.85,-19
"X946",-46.7,-19
"X947",-46.55,-19
"X948",-46.4,-19
"X949",-46.25,-19
"X950",-46.1,-19
"X951",-45.95,-19
"X952",-45.8,-19
"X953",-45.65,-19
"X954",-45.5,-19
"X955",-45.35,-19
"X956",-45.2,-19
"X957",-45.05,-19
"X958",-44.9,-19
"X959",-44.75,-19
"X960",-44.6,-19
"X961",-44.45,-19
"X962",-44.3,-19
"X963",-44.15,-19
"X964",-44,-19
"X965",-43.85,-19
"X966",-43.7,-19
"X967",-43.55,-19
"X968",-43.4,-19
"X969",-43.25,-19
"X970",-43.1,-19
"X971",-42.95,-19
"X972",-42.8,-19
"X973",-42.65,-19
"X974",-42.5,-19
"X975",-42.35,-19
"X976",-42.2,-19
"X977",-42.05,-19
"X978",-41.9,-19
"X979",-41.75,-19
"X980",-41.6,-19
"X981",-41.45,-19
"X982",-41.3,-19
"X983",-41.15,-19
"X984",-50.3,-18.85
"X985",-50.15,-18.85
"X986",-50,-18.85
"X987",-49.85,-18.85
"X988",-49.7,-18.85
"X989",-49.55,-18.85
"X990",-49.4,-18.85
"X991",-49.25,-18.85
"X992",-49.1,-18.85
"X993",-48.95,-18.85
"X994",-48.8,-18.85
"X995",-48.65,-18.85
"X996",-48.5,-18.85
"X997",-48.35,-18.85
"X998",-48.2,-18.85
"X999",-48.05,-18.85
"X1000",-47.9,-18.85
"X1001",-47.75,-18.85
"X1002",-47.6,-18.85
"X1003",-47.45,-18.85
"X1004",-47.3,-18.85
"X1005",-47.15,-18.85
"X1006",-47,-18.85
"X1007",-46.85,-18.85
"X1008",-46.7,-18.85
"X1009",-46.55,-18.85
"X1010",-46.4,-18.85
"X1011",-46.25,-18.85
"X1012",-46.1,-18.85
"X1013",-45.95,-18.85
"X1014",-45.8,-18.85
"X1015",-45.65,-18.85
"X1016",-45.5,-18.85
"X1017",-45.35,-18.85
"X1018",-45.2,-18.85
"X1019",-45.05,-18.85
"X1020",-44.9,-18.85
"X1021",-44.75,-18.85
"X1022",-44.6,-18.85
"X1023",-44.45,-18.85
"X1024",-44.3,-18.85
"X1025",-44.15,-18.85
"X1026",-44,-18.85
"X1027",-43.85,-18.85
"X1028",-43.7,-18.85
"X1029",-43.55,-18.85
"X1030",-43.4,-18.85
"X1031",-43.25,-18.85
"X1032",-43.1,-18.85
"X1033",-42.95,-18.85
"X1034",-42.8,-18.85
"X1035",-42.65,-18.85
"X1036",-42.5,-18.85
"X1037",-42.35,-18.85
"X1038",-42.2,-18.85
"X1039",-42.05,-18.85
"X1040",-41.9,-18.85
"X1041",-41.75,-18.85
"X1042",-41.6,-18.85
"X1043",-41.45,-18.85
"X1044",-41.3,-18.85
"X1045",-50.3,-18.7
"X1046",-50.15,-18.7
"X1047",-50,-18.7
"X1048",-49.85,-18.7
"X1049",-49.7,-18.7
"X1050",-49.55,-18.7
"X1051",-49.4,-18.7
"X1052",-49.25,-18.7
"X1053",-49.1,-18.7
"X1054",-48.95,-18.7
"X1055",-48.8,-18.7
"X1056",-48.65,-18.7
"X1057",-48.5,-18.7
"X1058",-48.35,-18.7
"X1059",-48.2,-18.7
"X1060",-48.05,-18.7
"X1061",-47.9,-18.7
"X1062",-47.75,-18.7
"X1063",-47.6,-18.7
"X1064",-47.45,-18.7
"X1065",-47.3,-18.7
"X1066",-47.15,-18.7
"X1067",-47,-18.7
"X1068",-46.85,-18.7
"X1069",-46.7,-18.7
"X1070",-46.55,-18.7
"X1071",-46.4,-18.7
"X1072",-46.25,-18.7
"X1073",-46.1,-18.7
"X1074",-45.95,-18.7
"X1075",-45.8,-18.7
"X1076",-45.65,-18.7
"X1077",-45.5,-18.7
"X1078",-45.35,-18.7
"X1079",-45.2,-18.7
"X1080",-45.05,-18.7
"X1081",-44.9,-18.7
"X1082",-44.75,-18.7
"X1083",-44.6,-18.7
"X1084",-44.45,-18.7
"X1085",-44.3,-18.7
"X1086",-44.15,-18.7
"X1087",-44,-18.7
"X1088",-43.85,-18.7
"X1089",-43.7,-18.7
"X1090",-43.55,-18.7
"X1091",-43.4,-18.7
"X1092",-43.25,-18.7
"X1093",-43.1,-18.7
"X1094",-42.95,-18.7
"X1095",-42.8,-18.7
"X1096",-42.65,-18.7
"X1097",-42.5,-18.7
"X1098",-42.35,-18.7
"X1099",-42.2,-18.7
"X1100",-42.05,-18.7
"X1101",-41.9,-18.7
"X1102",-41.75,-18.7
"X1103",-41.6,-18.7
"X1104",-41.45,-18.7
"X1105",-41.3,-18.7
"X1106",-41.15,-18.7
"X1107",-41,-18.7
"X1108",-49.55,-18.55
"X1109",-49.25,-18.55
"X1110",-49.1,-18.55
"X1111",-48.95,-18.55
"X1112",-48.8,-18.55
"X1113",-48.65,-18.55
"X1114",-48.5,-18.55
"X1115",-48.35,-18.55
"X1116",-48.2,-18.55
"X1117",-48.05,-18.55
"X1118",-47.9,-18.55
"X1119",-47.75,-18.55
"X1120",-47.6,-18.55
"X1121",-47.45,-18.55
"X1122",-47.3,-18.55
"X1123",-47.15,-18.55
"X1124",-47,-18.55
"X1125",-46.85,-18.55
"X1126",-46.7,-18.55
"X1127",-46.55,-18.55
"X1128",-46.4,-18.55
"X1129",-46.25,-18.55
"X1130",-46.1,-18.55
"X1131",-45.95,-18.55
"X1132",-45.8,-18.55
"X1133",-45.65,-18.55
"X1134",-45.5,-18.55
"X1135",-45.35,-18.55
"X1136",-45.2,-18.55
"X1137",-45.05,-18.55
"X1138",-44.9,-18.55
"X1139",-44.75,-18.55
"X1140",-44.6,-18.55
"X1141",-44.45,-18.55
"X1142",-44.3,-18.55
"X1143",-44.15,-18.55
"X1144",-44,-18.55
"X1145",-43.85,-18.55
"X1146",-43.7,-18.55
"X1147",-43.55,-18.55
"X1148",-43.4,-18.55
"X1149",-43.25,-18.55
"X1150",-43.1,-18.55
"X1151",-42.95,-18.55
"X1152",-42.8,-18.55
"X1153",-42.65,-18.55
"X1154",-42.5,-18.55
"X1155",-42.35,-18.55
"X1156",-42.2,-18.55
"X1157",-42.05,-18.55
"X1158",-41.9,-18.55
"X1159",-41.75,-18.55
"X1160",-41.6,-18.55
"X1161",-41.45,-18.55
"X1162",-41.3,-18.55
"X1163",-41.15,-18.55
"X1164",-48.95,-18.4
"X1165",-48.8,-18.4
"X1166",-48.65,-18.4
"X1167",-48.5,-18.4
"X1168",-48.35,-18.4
"X1169",-48.2,-18.4
"X1170",-47.75,-18.4
"X1171",-47.6,-18.4
"X1172",-47.45,-18.4
"X1173",-47.3,-18.4
"X1174",-47.15,-18.4
"X1175",-47,-18.4
"X1176",-46.85,-18.4
"X1177",-46.7,-18.4
"X1178",-46.55,-18.4
"X1179",-46.4,-18.4
"X1180",-46.25,-18.4
"X1181",-46.1,-18.4
"X1182",-45.95,-18.4
"X1183",-45.8,-18.4
"X1184",-45.65,-18.4
"X1185",-45.5,-18.4
"X1186",-45.35,-18.4
"X1187",-45.2,-18.4
"X1188",-45.05,-18.4
"X1189",-44.9,-18.4
"X1190",-44.75,-18.4
"X1191",-44.6,-18.4
"X1192",-44.45,-18.4
"X1193",-44.3,-18.4
"X1194",-44.15,-18.4
"X1195",-44,-18.4
"X1196",-43.85,-18.4
"X1197",-43.7,-18.4
"X1198",-43.55,-18.4
"X1199",-43.4,-18.4
"X1200",-43.25,-18.4
"X1201",-43.1,-18.4
"X1202",-42.95,-18.4
"X1203",-42.8,-18.4
"X1204",-42.65,-18.4
"X1205",-42.5,-18.4
"X1206",-42.35,-18.4
"X1207",-42.2,-18.4
"X1208",-42.05,-18.4
"X1209",-41.9,-18.4
"X1210",-41.75,-18.4
"X1211",-41.6,-18.4
"X1212",-41.45,-18.4
"X1213",-41.3,-18.4
"X1214",-47.6,-18.25
"X1215",-47.45,-18.25
"X1216",-47.3,-18.25
"X1217",-47.15,-18.25
"X1218",-47,-18.25
"X1219",-46.85,-18.25
"X1220",-46.7,-18.25
"X1221",-46.55,-18.25
"X1222",-46.4,-18.25
"X1223",-46.25,-18.25
"X1224",-46.1,-18.25
"X1225",-45.95,-18.25
"X1226",-45.8,-18.25
"X1227",-45.65,-18.25
"X1228",-45.5,-18.25
"X1229",-45.35,-18.25
"X1230",-45.2,-18.25
"X1231",-45.05,-18.25
"X1232",-44.9,-18.25
"X1233",-44.75,-18.25
"X1234",-44.6,-18.25
"X1235",-44.45,-18.25
"X1236",-44.3,-18.25
"X1237",-44.15,-18.25
"X1238",-44,-18.25
"X1239",-43.85,-18.25
"X1240",-43.7,-18.25
"X1241",-43.55,-18.25
"X1242",-43.4,-18.25
"X1243",-43.25,-18.25
"X1244",-43.1,-18.25
"X1245",-42.95,-18.25
"X1246",-42.8,-18.25
"X1247",-42.65,-18.25
"X1248",-42.5,-18.25
"X1249",-42.35,-18.25
"X1250",-42.2,-18.25
"X1251",-42.05,-18.25
"X1252",-41.9,-18.25
"X1253",-41.75,-18.25
"X1254",-41.6,-18.25
"X1255",-41.45,-18.25
"X1256",-41.3,-18.25
"X1257",-41.15,-18.25
"X1258",-47.3,-18.1
"X1259",-47.15,-18.1
"X1260",-47,-18.1
"X1261",-46.85,-18.1
"X1262",-46.7,-18.1
"X1263",-46.55,-18.1
"X1264",-46.4,-18.1
"X1265",-46.25,-18.1
"X1266",-46.1,-18.1
"X1267",-45.95,-18.1
"X1268",-45.8,-18.1
"X1269",-45.65,-18.1
"X1270",-45.5,-18.1
"X1271",-45.35,-18.1
"X1272",-45.2,-18.1
"X1273",-45.05,-18.1
"X1274",-44.9,-18.1
"X1275",-44.75,-18.1
"X1276",-44.6,-18.1
"X1277",-44.45,-18.1
"X1278",-44.3,-18.1
"X1279",-44.15,-18.1
"X1280",-44,-18.1
"X1281",-43.85,-18.1
"X1282",-43.7,-18.1
"X1283",-43.55,-18.1
"X1284",-43.4,-18.1
"X1285",-43.25,-18.1
"X1286",-43.1,-18.1
"X1287",-42.95,-18.1
"X1288",-42.8,-18.1
"X1289",-42.65,-18.1
"X1290",-42.5,-18.1
"X1291",-42.35,-18.1
"X1292",-42.2,-18.1
"X1293",-42.05,-18.1
"X1294",-41.9,-18.1
"X1295",-41.75,-18.1
"X1296",-41.6,-18.1
"X1297",-41.45,-18.1
"X1298",-41.3,-18.1
"X1299",-41.15,-18.1
"X1300",-41,-18.1
"X1301",-40.85,-18.1
"X1302",-47.3,-17.95
"X1303",-47.15,-17.95
"X1304",-47,-17.95
"X1305",-46.85,-17.95
"X1306",-46.7,-17.95
"X1307",-46.55,-17.95
"X1308",-46.4,-17.95
"X1309",-46.25,-17.95
"X1310",-46.1,-17.95
"X1311",-45.95,-17.95
"X1312",-45.8,-17.95
"X1313",-45.65,-17.95
"X1314",-45.5,-17.95
"X1315",-45.35,-17.95
"X1316",-45.2,-17.95
"X1317",-45.05,-17.95
"X1318",-44.9,-17.95
"X1319",-44.75,-17.95
"X1320",-44.6,-17.95
"X1321",-44.45,-17.95
"X1322",-44.3,-17.95
"X1323",-44.15,-17.95
"X1324",-44,-17.95
"X1325",-43.85,-17.95
"X1326",-43.7,-17.95
"X1327",-43.55,-17.95
"X1328",-43.4,-17.95
"X1329",-43.25,-17.95
"X1330",-43.1,-17.95
"X1331",-42.95,-17.95
"X1332",-42.8,-17.95
"X1333",-42.65,-17.95
"X1334",-42.5,-17.95
"X1335",-42.35,-17.95
"X1336",-42.2,-17.95
"X1337",-42.05,-17.95
"X1338",-41.9,-17.95
"X1339",-41.75,-17.95
"X1340",-41.6,-17.95
"X1341",-41.45,-17.95
"X1342",-41.3,-17.95
"X1343",-41.15,-17.95
"X1344",-41,-17.95
"X1345",-40.85,-17.95
"X1346",-40.7,-17.95
"X1347",-40.25,-17.95
"X1348",-47.3,-17.8
"X1349",-47.15,-17.8
"X1350",-47,-17.8
"X1351",-46.85,-17.8
"X1352",-46.7,-17.8
"X1353",-46.55,-17.8
"X1354",-46.4,-17.8
"X1355",-46.25,-17.8
"X1356",-46.1,-17.8
"X1357",-45.95,-17.8
"X1358",-45.8,-17.8
"X1359",-45.65,-17.8
"X1360",-45.5,-17.8
"X1361",-45.35,-17.8
"X1362",-45.2,-17.8
"X1363",-45.05,-17.8
"X1364",-44.9,-17.8
"X1365",-44.75,-17.8
"X1366",-44.6,-17.8
"X1367",-44.45,-17.8
"X1368",-44.3,-17.8
"X1369",-44.15,-17.8
"X1370",-44,-17.8
"X1371",-43.85,-17.8
"X1372",-43.7,-17.8
"X1373",-43.55,-17.8
"X1374",-43.4,-17.8
"X1375",-43.25,-17.8
"X1376",-43.1,-17.8
"X1377",-42.95,-17.8
"X1378",-42.8,-17.8
"X1379",-42.65,-17.8
"X1380",-42.5,-17.8
"X1381",-42.35,-17.8
"X1382",-42.2,-17.8
"X1383",-42.05,-17.8
"X1384",-41.9,-17.8
"X1385",-41.75,-17.8
"X1386",-41.6,-17.8
"X1387",-41.45,-17.8
"X1388",-41.3,-17.8
"X1389",-41.15,-17.8
"X1390",-41,-17.8
"X1391",-40.85,-17.8
"X1392",-40.7,-17.8
"X1393",-40.55,-17.8
"X1394",-40.4,-17.8
"X1395",-40.25,-17.8
"X1396",-47.15,-17.65
"X1397",-47,-17.65
"X1398",-46.85,-17.65
"X1399",-46.7,-17.65
"X1400",-46.55,-17.65
"X1401",-46.4,-17.65
"X1402",-46.25,-17.65
"X1403",-46.1,-17.65
"X1404",-45.95,-17.65
"X1405",-45.8,-17.65
"X1406",-45.65,-17.65
"X1407",-45.5,-17.65
"X1408",-45.35,-17.65
"X1409",-45.2,-17.65
"X1410",-45.05,-17.65
"X1411",-44.9,-17.65
"X1412",-44.75,-17.65
"X1413",-44.6,-17.65
"X1414",-44.45,-17.65
"X1415",-44.3,-17.65
"X1416",-44.15,-17.65
"X1417",-44,-17.65
"X1418",-43.85,-17.65
"X1419",-43.7,-17.65
"X1420",-43.55,-17.65
"X1421",-43.4,-17.65
"X1422",-43.25,-17.65
"X1423",-43.1,-17.65
"X1424",-42.95,-17.65
"X1425",-42.8,-17.65
"X1426",-42.65,-17.65
"X1427",-42.5,-17.65
"X1428",-42.35,-17.65
"X1429",-42.2,-17.65
"X1430",-42.05,-17.65
"X1431",-41.9,-17.65
"X1432",-41.75,-17.65
"X1433",-41.6,-17.65
"X1434",-41.45,-17.65
"X1435",-41.3,-17.65
"X1436",-41.15,-17.65
"X1437",-41,-17.65
"X1438",-40.85,-17.65
"X1439",-40.7,-17.65
"X1440",-40.55,-17.65
"X1441",-40.4,-17.65
"X1442",-47.45,-17.5
"X1443",-47.3,-17.5
"X1444",-47.15,-17.5
"X1445",-47,-17.5
"X1446",-46.85,-17.5
"X1447",-46.7,-17.5
"X1448",-46.55,-17.5
"X1449",-46.4,-17.5
"X1450",-46.25,-17.5
"X1451",-46.1,-17.5
"X1452",-45.95,-17.5
"X1453",-45.8,-17.5
"X1454",-45.65,-17.5
"X1455",-45.5,-17.5
"X1456",-45.35,-17.5
"X1457",-45.2,-17.5
"X1458",-45.05,-17.5
"X1459",-44.9,-17.5
"X1460",-44.75,-17.5
"X1461",-44.6,-17.5
"X1462",-44.45,-17.5
"X1463",-44.3,-17.5
"X1464",-44.15,-17.5
"X1465",-44,-17.5
"X1466",-43.85,-17.5
"X1467",-43.7,-17.5
"X1468",-43.55,-17.5
"X1469",-43.4,-17.5
"X1470",-43.25,-17.5
"X1471",-43.1,-17.5
"X1472",-42.95,-17.5
"X1473",-42.8,-17.5
"X1474",-42.65,-17.5
"X1475",-42.5,-17.5
"X1476",-42.35,-17.5
"X1477",-42.2,-17.5
"X1478",-42.05,-17.5
"X1479",-41.9,-17.5
"X1480",-41.75,-17.5
"X1481",-41.6,-17.5
"X1482",-41.45,-17.5
"X1483",-41.3,-17.5
"X1484",-41.15,-17.5
"X1485",-41,-17.5
"X1486",-40.85,-17.5
"X1487",-40.7,-17.5
"X1488",-40.55,-17.5
"X1489",-47.45,-17.35
"X1490",-47.3,-17.35
"X1491",-47.15,-17.35
"X1492",-47,-17.35
"X1493",-46.85,-17.35
"X1494",-46.7,-17.35
"X1495",-46.55,-17.35
"X1496",-46.4,-17.35
"X1497",-46.25,-17.35
"X1498",-46.1,-17.35
"X1499",-45.95,-17.35
"X1500",-45.8,-17.35
"X1501",-45.65,-17.35
"X1502",-45.5,-17.35
"X1503",-45.35,-17.35
"X1504",-45.2,-17.35
"X1505",-45.05,-17.35
"X1506",-44.9,-17.35
"X1507",-44.75,-17.35
"X1508",-44.6,-17.35
"X1509",-44.45,-17.35
"X1510",-44.3,-17.35
"X1511",-44.15,-17.35
"X1512",-44,-17.35
"X1513",-43.85,-17.35
"X1514",-43.7,-17.35
"X1515",-43.55,-17.35
"X1516",-43.4,-17.35
"X1517",-43.25,-17.35
"X1518",-43.1,-17.35
"X1519",-42.95,-17.35
"X1520",-42.8,-17.35
"X1521",-42.65,-17.35
"X1522",-42.5,-17.35
"X1523",-42.35,-17.35
"X1524",-42.2,-17.35
"X1525",-42.05,-17.35
"X1526",-41.9,-17.35
"X1527",-41.75,-17.35
"X1528",-41.6,-17.35
"X1529",-41.45,-17.35
"X1530",-41.3,-17.35
"X1531",-41.15,-17.35
"X1532",-41,-17.35
"X1533",-40.85,-17.35
"X1534",-40.7,-17.35
"X1535",-47.3,-17.2
"X1536",-47.15,-17.2
"X1537",-47,-17.2
"X1538",-46.85,-17.2
"X1539",-46.7,-17.2
"X1540",-46.55,-17.2
"X1541",-46.4,-17.2
"X1542",-46.25,-17.2
"X1543",-46.1,-17.2
"X1544",-45.95,-17.2
"X1545",-45.8,-17.2
"X1546",-45.65,-17.2
"X1547",-45.5,-17.2
"X1548",-45.35,-17.2
"X1549",-45.2,-17.2
"X1550",-45.05,-17.2
"X1551",-44.9,-17.2
"X1552",-44.75,-17.2
"X1553",-44.6,-17.2
"X1554",-44.45,-17.2
"X1555",-44.3,-17.2
"X1556",-44.15,-17.2
"X1557",-44,-17.2
"X1558",-43.85,-17.2
"X1559",-43.7,-17.2
"X1560",-43.55,-17.2
"X1561",-43.4,-17.2
"X1562",-43.25,-17.2
"X1563",-43.1,-17.2
"X1564",-42.95,-17.2
"X1565",-42.8,-17.2
"X1566",-42.65,-17.2
"X1567",-42.5,-17.2
"X1568",-42.35,-17.2
"X1569",-42.2,-17.2
"X1570",-42.05,-17.2
"X1571",-41.9,-17.2
"X1572",-41.75,-17.2
"X1573",-41.6,-17.2
"X1574",-41.45,-17.2
"X1575",-41.3,-17.2
"X1576",-41.15,-17.2
"X1577",-41,-17.2
"X1578",-40.85,-17.2
"X1579",-40.7,-17.2
"X1580",-47.15,-17.05
"X1581",-47,-17.05
"X1582",-46.85,-17.05
"X1583",-46.7,-17.05
"X1584",-46.55,-17.05
"X1585",-46.4,-17.05
"X1586",-46.25,-17.05
"X1587",-46.1,-17.05
"X1588",-45.95,-17.05
"X1589",-45.8,-17.05
"X1590",-45.65,-17.05
"X1591",-45.5,-17.05
"X1592",-45.35,-17.05
"X1593",-45.2,-17.05
"X1594",-45.05,-17.05
"X1595",-44.9,-17.05
"X1596",-44.75,-17.05
"X1597",-44.6,-17.05
"X1598",-44.45,-17.05
"X1599",-44.3,-17.05
"X1600",-44.15,-17.05
"X1601",-44,-17.05
"X1602",-43.85,-17.05
"X1603",-43.7,-17.05
"X1604",-43.55,-17.05
"X1605",-43.4,-17.05
"X1606",-43.25,-17.05
"X1607",-43.1,-17.05
"X1608",-42.95,-17.05
"X1609",-42.8,-17.05
"X1610",-42.65,-17.05
"X1611",-42.5,-17.05
"X1612",-42.35,-17.05
"X1613",-42.2,-17.05
"X1614",-42.05,-17.05
"X1615",-41.9,-17.05
"X1616",-41.75,-17.05
"X1617",-41.6,-17.05
"X1618",-41.45,-17.05
"X1619",-41.3,-17.05
"X1620",-41.15,-17.05
"X1621",-41,-17.05
"X1622",-40.85,-17.05
"X1623",-40.7,-17.05
"X1624",-47.15,-16.9
"X1625",-47,-16.9
"X1626",-46.85,-16.9
"X1627",-46.7,-16.9
"X1628",-46.55,-16.9
"X1629",-46.4,-16.9
"X1630",-46.25,-16.9
"X1631",-46.1,-16.9
"X1632",-45.95,-16.9
"X1633",-45.8,-16.9
"X1634",-45.65,-16.9
"X1635",-45.5,-16.9
"X1636",-45.35,-16.9
"X1637",-45.2,-16.9
"X1638",-45.05,-16.9
"X1639",-44.9,-16.9
"X1640",-44.75,-16.9
"X1641",-44.6,-16.9
"X1642",-44.45,-16.9
"X1643",-44.3,-16.9
"X1644",-44.15,-16.9
"X1645",-44,-16.9
"X1646",-43.85,-16.9
"X1647",-43.7,-16.9
"X1648",-43.55,-16.9
"X1649",-43.4,-16.9
"X1650",-43.25,-16.9
"X1651",-43.1,-16.9
"X1652",-42.95,-16.9
"X1653",-42.8,-16.9
"X1654",-42.65,-16.9
"X1655",-42.5,-16.9
"X1656",-42.35,-16.9
"X1657",-42.2,-16.9
"X1658",-42.05,-16.9
"X1659",-41.9,-16.9
"X1660",-41.75,-16.9
"X1661",-41.6,-16.9
"X1662",-41.45,-16.9
"X1663",-41.3,-16.9
"X1664",-41.15,-16.9
"X1665",-41,-16.9
"X1666",-40.85,-16.9
"X1667",-40.7,-16.9
"X1668",-40.55,-16.9
"X1669",-47.15,-16.75
"X1670",-47,-16.75
"X1671",-46.85,-16.75
"X1672",-46.7,-16.75
"X1673",-46.55,-16.75
"X1674",-46.4,-16.75
"X1675",-46.25,-16.75
"X1676",-46.1,-16.75
"X1677",-45.95,-16.75
"X1678",-45.8,-16.75
"X1679",-45.65,-16.75
"X1680",-45.5,-16.75
"X1681",-45.35,-16.75
"X1682",-45.2,-16.75
"X1683",-45.05,-16.75
"X1684",-44.9,-16.75
"X1685",-44.75,-16.75
"X1686",-44.6,-16.75
"X1687",-44.45,-16.75
"X1688",-44.3,-16.75
"X1689",-44.15,-16.75
"X1690",-44,-16.75
"X1691",-43.85,-16.75
"X1692",-43.7,-16.75
"X1693",-43.55,-16.75
"X1694",-43.4,-16.75
"X1695",-43.25,-16.75
"X1696",-43.1,-16.75
"X1697",-42.95,-16.75
"X1698",-42.8,-16.75
"X1699",-42.65,-16.75
"X1700",-42.5,-16.75
"X1701",-42.35,-16.75
"X1702",-42.2,-16.75
"X1703",-42.05,-16.75
"X1704",-41.9,-16.75
"X1705",-41.75,-16.75
"X1706",-41.6,-16.75
"X1707",-41.45,-16.75
"X1708",-41.3,-16.75
"X1709",-41.15,-16.75
"X1710",-41,-16.75
"X1711",-40.85,-16.75
"X1712",-40.7,-16.75
"X1713",-40.55,-16.75
"X1714",-40.4,-16.75
"X1715",-47.3,-16.6
"X1716",-47.15,-16.6
"X1717",-47,-16.6
"X1718",-46.85,-16.6
"X1719",-46.7,-16.6
"X1720",-46.55,-16.6
"X1721",-46.4,-16.6
"X1722",-46.25,-16.6
"X1723",-46.1,-16.6
"X1724",-45.95,-16.6
"X1725",-45.8,-16.6
"X1726",-45.65,-16.6
"X1727",-45.5,-16.6
"X1728",-45.35,-16.6
"X1729",-45.2,-16.6
"X1730",-45.05,-16.6
"X1731",-44.9,-16.6
"X1732",-44.75,-16.6
"X1733",-44.6,-16.6
"X1734",-44.45,-16.6
"X1735",-44.3,-16.6
"X1736",-44.15,-16.6
"X1737",-44,-16.6
"X1738",-43.85,-16.6
"X1739",-43.7,-16.6
"X1740",-43.55,-16.6
"X1741",-43.4,-16.6
"X1742",-43.25,-16.6
"X1743",-43.1,-16.6
"X1744",-42.95,-16.6
"X1745",-42.8,-16.6
"X1746",-42.65,-16.6
"X1747",-42.5,-16.6
"X1748",-42.35,-16.6
"X1749",-42.2,-16.6
"X1750",-42.05,-16.6
"X1751",-41.9,-16.6
"X1752",-41.75,-16.6
"X1753",-41.6,-16.6
"X1754",-41.45,-16.6
"X1755",-41.3,-16.6
"X1756",-41.15,-16.6
"X1757",-41,-16.6
"X1758",-40.85,-16.6
"X1759",-40.7,-16.6
"X1760",-40.55,-16.6
"X1761",-40.4,-16.6
"X1762",-47.3,-16.45
"X1763",-47.15,-16.45
"X1764",-47,-16.45
"X1765",-46.85,-16.45
"X1766",-46.7,-16.45
"X1767",-46.55,-16.45
"X1768",-46.4,-16.45
"X1769",-46.25,-16.45
"X1770",-46.1,-16.45
"X1771",-45.95,-16.45
"X1772",-45.8,-16.45
"X1773",-45.65,-16.45
"X1774",-45.5,-16.45
"X1775",-45.35,-16.45
"X1776",-45.2,-16.45
"X1777",-45.05,-16.45
"X1778",-44.9,-16.45
"X1779",-44.75,-16.45
"X1780",-44.6,-16.45
"X1781",-44.45,-16.45
"X1782",-44.3,-16.45
"X1783",-44.15,-16.45
"X1784",-44,-16.45
"X1785",-43.85,-16.45
"X1786",-43.7,-16.45
"X1787",-43.55,-16.45
"X1788",-43.4,-16.45
"X1789",-43.25,-16.45
"X1790",-43.1,-16.45
"X1791",-42.95,-16.45
"X1792",-42.8,-16.45
"X1793",-42.65,-16.45
"X1794",-42.5,-16.45
"X1795",-42.35,-16.45
"X1796",-42.2,-16.45
"X1797",-42.05,-16.45
"X1798",-41.9,-16.45
"X1799",-41.75,-16.45
"X1800",-41.6,-16.45
"X1801",-41.45,-16.45
"X1802",-41.3,-16.45
"X1803",-41.15,-16.45
"X1804",-41,-16.45
"X1805",-40.85,-16.45
"X1806",-40.7,-16.45
"X1807",-40.55,-16.45
"X1808",-40.4,-16.45
"X1809",-40.25,-16.45
"X1810",-47.3,-16.3
"X1811",-47.15,-16.3
"X1812",-47,-16.3
"X1813",-46.85,-16.3
"X1814",-46.7,-16.3
"X1815",-46.55,-16.3
"X1816",-46.4,-16.3
"X1817",-46.25,-16.3
"X1818",-46.1,-16.3
"X1819",-45.95,-16.3
"X1820",-45.8,-16.3
"X1821",-45.65,-16.3
"X1822",-45.5,-16.3
"X1823",-45.35,-16.3
"X1824",-45.2,-16.3
"X1825",-45.05,-16.3
"X1826",-44.9,-16.3
"X1827",-44.75,-16.3
"X1828",-44.6,-16.3
"X1829",-44.45,-16.3
"X1830",-44.3,-16.3
"X1831",-44.15,-16.3
"X1832",-44,-16.3
"X1833",-43.85,-16.3
"X1834",-43.7,-16.3
"X1835",-43.55,-16.3
"X1836",-43.4,-16.3
"X1837",-43.25,-16.3
"X1838",-43.1,-16.3
"X1839",-42.95,-16.3
"X1840",-42.8,-16.3
"X1841",-42.65,-16.3
"X1842",-42.5,-16.3
"X1843",-42.35,-16.3
"X1844",-42.2,-16.3
"X1845",-42.05,-16.3
"X1846",-41.9,-16.3
"X1847",-41.75,-16.3
"X1848",-41.6,-16.3
"X1849",-41.45,-16.3
"X1850",-41.3,-16.3
"X1851",-41.15,-16.3
"X1852",-41,-16.3
"X1853",-40.85,-16.3
"X1854",-40.7,-16.3
"X1855",-40.55,-16.3
"X1856",-40.4,-16.3
"X1857",-40.25,-16.3
"X1858",-40.1,-16.3
"X1859",-47.3,-16.15
"X1860",-47.15,-16.15
"X1861",-47,-16.15
"X1862",-46.85,-16.15
"X1863",-46.7,-16.15
"X1864",-46.55,-16.15
"X1865",-46.4,-16.15
"X1866",-46.25,-16.15
"X1867",-46.1,-16.15
"X1868",-45.95,-16.15
"X1869",-45.8,-16.15
"X1870",-45.65,-16.15
"X1871",-45.5,-16.15
"X1872",-45.35,-16.15
"X1873",-45.2,-16.15
"X1874",-45.05,-16.15
"X1875",-44.9,-16.15
"X1876",-44.75,-16.15
"X1877",-44.6,-16.15
"X1878",-44.45,-16.15
"X1879",-44.3,-16.15
"X1880",-44.15,-16.15
"X1881",-44,-16.15
"X1882",-43.85,-16.15
"X1883",-43.7,-16.15
"X1884",-43.55,-16.15
"X1885",-43.4,-16.15
"X1886",-43.25,-16.15
"X1887",-43.1,-16.15
"X1888",-42.95,-16.15
"X1889",-42.8,-16.15
"X1890",-42.65,-16.15
"X1891",-42.5,-16.15
"X1892",-42.35,-16.15
"X1893",-42.2,-16.15
"X1894",-42.05,-16.15
"X1895",-41.9,-16.15
"X1896",-41.75,-16.15
"X1897",-41.6,-16.15
"X1898",-41.45,-16.15
"X1899",-41.3,-16.15
"X1900",-41.15,-16.15
"X1901",-41,-16.15
"X1902",-40.85,-16.15
"X1903",-40.7,-16.15
"X1904",-40.55,-16.15
"X1905",-40.4,-16.15
"X1906",-40.25,-16.15
"X1907",-40.1,-16.15
"X1908",-39.95,-16.15
"X1909",-47.15,-16
"X1910",-47,-16
"X1911",-46.85,-16
"X1912",-46.7,-16
"X1913",-46.55,-16
"X1914",-46.4,-16
"X1915",-46.25,-16
"X1916",-46.1,-16
"X1917",-45.95,-16
"X1918",-45.8,-16
"X1919",-45.65,-16
"X1920",-45.5,-16
"X1921",-45.35,-16
"X1922",-45.2,-16
"X1923",-45.05,-16
"X1924",-44.9,-16
"X1925",-44.75,-16
"X1926",-44.6,-16
"X1927",-44.45,-16
"X1928",-44.3,-16
"X1929",-44.15,-16
"X1930",-44,-16
"X1931",-43.85,-16
"X1932",-43.7,-16
"X1933",-43.55,-16
"X1934",-43.4,-16
"X1935",-43.25,-16
"X1936",-43.1,-16
"X1937",-42.95,-16
"X1938",-42.8,-16
"X1939",-42.65,-16
"X1940",-42.5,-16
"X1941",-42.35,-16
"X1942",-42.2,-16
"X1943",-42.05,-16
"X1944",-41.9,-16
"X1945",-41.75,-16
"X1946",-41.6,-16
"X1947",-41.45,-16
"X1948",-41.3,-16
"X1949",-41.15,-16
"X1950",-41,-16
"X1951",-40.85,-16
"X1952",-40.7,-16
"X1953",-40.55,-16
"X1954",-40.4,-16
"X1955",-40.25,-16
"X1956",-40.1,-16
"X1957",-39.95,-16
"X1958",-46.7,-15.85
"X1959",-46.55,-15.85
"X1960",-46.4,-15.85
"X1961",-46.25,-15.85
"X1962",-46.1,-15.85
"X1963",-45.95,-15.85
"X1964",-45.8,-15.85
"X1965",-45.65,-15.85
"X1966",-45.5,-15.85
"X1967",-45.35,-15.85
"X1968",-45.2,-15.85
"X1969",-45.05,-15.85
"X1970",-44.9,-15.85
"X1971",-44.75,-15.85
"X1972",-44.6,-15.85
"X1973",-44.45,-15.85
"X1974",-44.3,-15.85
"X1975",-44.15,-15.85
"X1976",-44,-15.85
"X1977",-43.85,-15.85
"X1978",-43.7,-15.85
"X1979",-43.55,-15.85
"X1980",-43.4,-15.85
"X1981",-43.25,-15.85
"X1982",-43.1,-15.85
"X1983",-42.95,-15.85
"X1984",-42.8,-15.85
"X1985",-42.65,-15.85
"X1986",-42.5,-15.85
"X1987",-42.35,-15.85
"X1988",-42.2,-15.85
"X1989",-42.05,-15.85
"X1990",-41.9,-15.85
"X1991",-41.75,-15.85
"X1992",-41.6,-15.85
"X1993",-41.45,-15.85
"X1994",-41.3,-15.85
"X1995",-41.15,-15.85
"X1996",-41,-15.85
"X1997",-40.85,-15.85
"X1998",-40.7,-15.85
"X1999",-40.55,-15.85
"X2000",-40.4,-15.85
"X2001",-40.25,-15.85
"X2002",-46.7,-15.7
"X2003",-46.55,-15.7
"X2004",-46.4,-15.7
"X2005",-46.25,-15.7
"X2006",-46.1,-15.7
"X2007",-45.95,-15.7
"X2008",-45.8,-15.7
"X2009",-45.65,-15.7
"X2010",-45.5,-15.7
"X2011",-45.35,-15.7
"X2012",-45.2,-15.7
"X2013",-45.05,-15.7
"X2014",-44.9,-15.7
"X2015",-44.75,-15.7
"X2016",-44.6,-15.7
"X2017",-44.45,-15.7
"X2018",-44.3,-15.7
"X2019",-44.15,-15.7
"X2020",-44,-15.7
"X2021",-43.85,-15.7
"X2022",-43.7,-15.7
"X2023",-43.55,-15.7
"X2024",-43.4,-15.7
"X2025",-43.25,-15.7
"X2026",-43.1,-15.7
"X2027",-42.95,-15.7
"X2028",-42.8,-15.7
"X2029",-42.65,-15.7
"X2030",-42.5,-15.7
"X2031",-42.35,-15.7
"X2032",-42.2,-15.7
"X2033",-42.05,-15.7
"X2034",-41.9,-15.7
"X2035",-41.75,-15.7
"X2036",-41.6,-15.7
"X2037",-41.45,-15.7
"X2038",-40.85,-15.7
"X2039",-40.7,-15.7
"X2040",-46.85,-15.55
"X2041",-46.7,-15.55
"X2042",-46.55,-15.55
"X2043",-46.4,-15.55
"X2044",-46.25,-15.55
"X2045",-46.1,-15.55
"X2046",-45.95,-15.55
"X2047",-45.8,-15.55
"X2048",-45.65,-15.55
"X2049",-45.5,-15.55
"X2050",-45.35,-15.55
"X2051",-45.2,-15.55
"X2052",-45.05,-15.55
"X2053",-44.9,-15.55
"X2054",-44.75,-15.55
"X2055",-44.6,-15.55
"X2056",-44.45,-15.55
"X2057",-44.3,-15.55
"X2058",-44.15,-15.55
"X2059",-44,-15.55
"X2060",-43.85,-15.55
"X2061",-43.7,-15.55
"X2062",-43.55,-15.55
"X2063",-43.4,-15.55
"X2064",-43.25,-15.55
"X2065",-43.1,-15.55
"X2066",-42.95,-15.55
"X2067",-42.8,-15.55
"X2068",-42.65,-15.55
"X2069",-42.5,-15.55
"X2070",-42.35,-15.55
"X2071",-42.2,-15.55
"X2072",-42.05,-15.55
"X2073",-41.9,-15.55
"X2074",-41.75,-15.55
"X2075",-41.6,-15.55
"X2076",-41.45,-15.55
"X2077",-46.85,-15.4
"X2078",-46.7,-15.4
"X2079",-46.55,-15.4
"X2080",-46.4,-15.4
"X2081",-46.25,-15.4
"X2082",-46.1,-15.4
"X2083",-45.95,-15.4
"X2084",-45.8,-15.4
"X2085",-45.65,-15.4
"X2086",-45.5,-15.4
"X2087",-45.35,-15.4
"X2088",-45.2,-15.4
"X2089",-45.05,-15.4
"X2090",-44.9,-15.4
"X2091",-44.75,-15.4
"X2092",-44.6,-15.4
"X2093",-44.45,-15.4
"X2094",-44.3,-15.4
"X2095",-44.15,-15.4
"X2096",-44,-15.4
"X2097",-43.85,-15.4
"X2098",-43.7,-15.4
"X2099",-43.55,-15.4
"X2100",-43.4,-15.4
"X2101",-43.25,-15.4
"X2102",-43.1,-15.4
"X2103",-42.95,-15.4
"X2104",-42.8,-15.4
"X2105",-42.65,-15.4
"X2106",-42.5,-15.4
"X2107",-42.35,-15.4
"X2108",-42.2,-15.4
"X2109",-42.05,-15.4
"X2110",-41.9,-15.4
"X2111",-41.75,-15.4
"X2112",-41.6,-15.4
"X2113",-46.85,-15.25
"X2114",-46.7,-15.25
"X2115",-46.55,-15.25
"X2116",-46.4,-15.25
"X2117",-46.25,-15.25
"X2118",-46.1,-15.25
"X2119",-45.95,-15.25
"X2120",-45.8,-15.25
"X2121",-45.65,-15.25
"X2122",-45.5,-15.25
"X2123",-45.35,-15.25
"X2124",-45.2,-15.25
"X2125",-45.05,-15.25
"X2126",-44.9,-15.25
"X2127",-44.75,-15.25
"X2128",-44.6,-15.25
"X2129",-44.45,-15.25
"X2130",-44.3,-15.25
"X2131",-44.15,-15.25
"X2132",-44,-15.25
"X2133",-43.85,-15.25
"X2134",-43.7,-15.25
"X2135",-43.55,-15.25
"X2136",-43.4,-15.25
"X2137",-43.25,-15.25
"X2138",-43.1,-15.25
"X2139",-42.95,-15.25
"X2140",-42.8,-15.25
"X2141",-42.65,-15.25
"X2142",-42.5,-15.25
"X2143",-42.35,-15.25
"X2144",-42.2,-15.25
"X2145",-42.05,-15.25
"X2146",-41.9,-15.25
"X2147",-41.75,-15.25
"X2148",-46.85,-15.1
"X2149",-46.7,-15.1
"X2150",-46.55,-15.1
"X2151",-46.4,-15.1
"X2152",-46.25,-15.1
"X2153",-46.1,-15.1
"X2154",-45.65,-15.1
"X2155",-45.5,-15.1
"X2156",-45.35,-15.1
"X2157",-45.2,-15.1
"X2158",-45.05,-15.1
"X2159",-44.9,-15.1
"X2160",-44.75,-15.1
"X2161",-44.6,-15.1
"X2162",-44.45,-15.1
"X2163",-44.3,-15.1
"X2164",-44.15,-15.1
"X2165",-44,-15.1
"X2166",-43.85,-15.1
"X2167",-43.7,-15.1
"X2168",-43.55,-15.1
"X2169",-43.4,-15.1
"X2170",-43.25,-15.1
"X2171",-43.1,-15.1
"X2172",-42.95,-15.1
"X2173",-42.8,-15.1
"X2174",-42.65,-15.1
"X2175",-42.5,-15.1
"X2176",-42.35,-15.1
"X2177",-46.4,-14.95
"X2178",-46.25,-14.95
"X2179",-46.1,-14.95
"X2180",-45.5,-14.95
"X2181",-45.35,-14.95
"X2182",-45.2,-14.95
"X2183",-45.05,-14.95
"X2184",-44.9,-14.95
"X2185",-44.75,-14.95
"X2186",-44.6,-14.95
"X2187",-44.45,-14.95
"X2188",-44.3,-14.95
"X2189",-44.15,-14.95
"X2190",-44,-14.95
"X2191",-43.85,-14.95
"X2192",-43.7,-14.95
"X2193",-43.55,-14.95
"X2194",-43.4,-14.95
"X2195",-43.25,-14.95
"X2196",-43.1,-14.95
"X2197",-42.95,-14.95
"X2198",-42.8,-14.95
"X2199",-42.65,-14.95
"X2200",-46.55,-14.8
"X2201",-46.4,-14.8
"X2202",-45.2,-14.8
"X2203",-45.05,-14.8
"X2204",-44.9,-14.8
"X2205",-44.75,-14.8
"X2206",-44.6,-14.8
"X2207",-44.45,-14.8
"X2208",-44.3,-14.8
"X2209",-44.15,-14.8
"X2210",-44,-14.8
"X2211",-43.85,-14.8
"X2212",-43.7,-14.8
"X2213",-43.55,-14.8
"X2214",-43.4,-14.8
"X2215",-43.25,-14.8
"X2216",-43.1,-14.8
"X2217",-42.95,-14.8
"X2218",-44.9,-14.65
"X2219",-44.75,-14.65
"X2220",-44.6,-14.65
"X2221",-44.45,-14.65
"X2222",-44.3,-14.65
"X2223",-44.15,-14.65
"X2224",-44,-14.65
"X2225",-44.75,-14.5
"X2226",-44.6,-14.5
"X2227",-44.45,-14.5
"X2228",-44.3,-14.5
"X2229",-44.15,-14.5
"X2230",-44,-14.5
"X2231",-44.45,-14.35
"X2232",-44.3,-14.35
"X2233",-44.15,-14.35
"X2234",-44,-14.35
"X2235",-43.85,-14.35
"X2236",-46.55,-23.2
"X2237",-46.4,-23.2
"X2238",-46.25,-23.2
"X2239",-46.1,-23.2
"X2240",-45.95,-23.2
"X2241",-45.8,-23.2
"X2242",-45.65,-23.2
"X2243",-46.7,-23.05
"X2244",-46.55,-23.05
"X2245",-46.4,-23.05
"X2246",-46.25,-23.05
"X2247",-46.1,-23.05
"X2248",-45.95,-23.05
"X2249",-45.8,-23.05
"X2250",-45.65,-23.05
"X2251",-45.5,-23.05
"X2252",-45.35,-23.05
"X2253",-46.7,-22.9
"X2254",-46.55,-22.9
"X2255",-46.4,-22.9
"X2256",-46.25,-22.9
"X2257",-46.1,-22.9
"X2258",-45.95,-22.9
"X2259",-45.8,-22.9
"X2260",-45.65,-22.9
"X2261",-45.5,-22.9
"X2262",-45.35,-22.9
"X2263",-45.2,-22.9
"X2264",-45.05,-22.9
"X2265",-46.85,-22.75
"X2266",-46.7,-22.75
"X2267",-46.55,-22.75
"X2268",-46.4,-22.75
"X2269",-45.65,-22.75
"X2270",-45.5,-22.75
"X2271",-45.35,-22.75
"X2272",-45.2,-22.75
"X2273",-45.05,-22.75
"X2274",-44.9,-22.75
"X2275",-44.75,-22.75
"X2276",-44.6,-22.75
"X2277",-47,-22.6
"X2278",-46.85,-22.6
"X2279",-46.7,-22.6
"X2280",-46.55,-22.6
"X2281",-45.2,-22.6
"X2282",-45.05,-22.6
"X2283",-44.9,-22.6
"X2284",-44.75,-22.6
"X2285",-44.6,-22.6
"X2286",-44.45,-22.6
"X2287",-44.3,-22.6
"X2288",-44.15,-22.6
"X2289",-47,-22.45
"X2290",-46.85,-22.45
"X2291",-46.7,-22.45
"X2292",-44.75,-22.45
"X2293",-44.6,-22.45
"X2294",-44.45,-22.45
"X2295",-44.3,-22.45
"X2296",-44.15,-22.45
"X2297",-44,-22.45
"X2298",-43.85,-22.45
"X2299",-43.7,-22.45
"X2300",-43.55,-22.45
"X2301",-43.4,-22.45
"X2302",-43.25,-22.45
"X2303",-43.1,-22.45
"X2304",-42.95,-22.45
"X2305",-47,-22.3
"X2306",-46.85,-22.3
"X2307",-44.45,-22.3
"X2308",-44.3,-22.3
"X2309",-44.15,-22.3
"X2310",-44,-22.3
"X2311",-43.85,-22.3
"X2312",-43.7,-22.3
"X2313",-43.55,-22.3
"X2314",-43.4,-22.3
"X2315",-43.25,-22.3
"X2316",-43.1,-22.3
"X2317",-42.95,-22.3
"X2318",-42.8,-22.3
"X2319",-42.65,-22.3
"X2320",-47,-22.15
"X2321",-46.85,-22.15
"X2322",-46.7,-22.15
"X2323",-43.85,-22.15
"X2324",-43.7,-22.15
"X2325",-43.55,-22.15
"X2326",-43.4,-22.15
"X2327",-43.25,-22.15
"X2328",-43.1,-22.15
"X2329",-42.95,-22.15
"X2330",-42.8,-22.15
"X2331",-42.65,-22.15
"X2332",-42.5,-22.15
"X2333",-42.35,-22.15
"X2334",-47,-22
"X2335",-46.85,-22
"X2336",-46.7,-22
"X2337",-42.8,-22
"X2338",-42.65,-22
"X2339",-42.5,-22
"X2340",-42.35,-22
"X2341",-42.2,-22
"X2342",-42.05,-22
"X2343",-47,-21.85
"X2344",-46.85,-21.85
"X2345",-46.7,-21.85
"X2346",-42.5,-21.85
"X2347",-42.35,-21.85
"X2348",-42.2,-21.85
"X2349",-42.05,-21.85
"X2350",-41.9,-21.85
"X2351",-47.15,-21.7
"X2352",-47,-21.7
"X2353",-46.85,-21.7
"X2354",-46.7,-21.7
"X2355",-42.2,-21.7
"X2356",-42.05,-21.7
"X2357",-41.9,-21.7
"X2358",-47.3,-21.55
"X2359",-47.15,-21.55
"X2360",-47,-21.55
"X2361",-46.85,-21.55
"X2362",-46.7,-21.55
"X2363",-46.55,-21.55
"X2364",-42.2,-21.55
"X2365",-42.05,-21.55
"X2366",-41.9,-21.55
"X2367",-47.45,-21.4
"X2368",-47.3,-21.4
"X2369",-47.15,-21.4
"X2370",-46.85,-21.4
"X2371",-46.7,-21.4
"X2372",-42.2,-21.4
"X2373",-42.05,-21.4
"X2374",-41.9,-21.4
"X2375",-47.45,-21.25
"X2376",-47.3,-21.25
"X2377",-47.15,-21.25
"X2378",-42.05,-21.25
"X2379",-41.9,-21.25
"X2380",-41.75,-21.25
"X2381",-47.45,-21.1
"X2382",-47.3,-21.1
"X2383",-47.15,-21.1
"X2384",-42.05,-21.1
"X2385",-41.9,-21.1
"X2386",-41.75,-21.1
"X2387",-47.6,-20.95
"X2388",-47.45,-20.95
"X2389",-47.3,-20.95
"X2390",-42.05,-20.95
"X2391",-41.9,-20.95
"X2392",-41.75,-20.95
"X2393",-41.6,-20.95
"X2394",-48.95,-20.8
"X2395",-48.8,-20.8
"X2396",-47.6,-20.8
"X2397",-47.45,-20.8
"X2398",-47.3,-20.8
"X2399",-41.9,-20.8
"X2400",-41.75,-20.8
"X2401",-41.6,-20.8
"X2402",-41.45,-20.8
"X2403",-49.4,-20.65
"X2404",-49.25,-20.65
"X2405",-49.1,-20.65
"X2406",-48.95,-20.65
"X2407",-48.8,-20.65
"X2408",-48.65,-20.65
"X2409",-47.6,-20.65
"X2410",-47.45,-20.65
"X2411",-47.3,-20.65
"X2412",-47.15,-20.65
"X2413",-41.75,-20.65
"X2414",-41.6,-20.65
"X2415",-41.45,-20.65
"X2416",-49.55,-20.5
"X2417",-49.4,-20.5
"X2418",-49.25,-20.5
"X2419",-49.1,-20.5
"X2420",-48.95,-20.5
"X2421",-48.8,-20.5
"X2422",-48.65,-20.5
"X2423",-48.5,-20.5
"X2424",-48.35,-20.5
"X2425",-48.2,-20.5
"X2426",-48.05,-20.5
"X2427",-47.9,-20.5
"X2428",-47.6,-20.5
"X2429",-47.45,-20.5
"X2430",-47.3,-20.5
"X2431",-41.75,-20.5
"X2432",-41.6,-20.5
"X2433",-41.45,-20.5
"X2434",-41.3,-20.5
"X2435",-41.15,-20.5
"X2436",-51.2,-20.35
"X2437",-51.05,-20.35
"X2438",-50.9,-20.35
"X2439",-50.75,-20.35
"X2440",-49.55,-20.35
"X2441",-49.4,-20.35
"X2442",-49.25,-20.35
"X2443",-49.1,-20.35
"X2444",-48.8,-20.35
"X2445",-48.65,-20.35
"X2446",-48.5,-20.35
"X2447",-48.35,-20.35
"X2448",-48.2,-20.35
"X2449",-48.05,-20.35
"X2450",-47.9,-20.35
"X2451",-47.75,-20.35
"X2452",-47.6,-20.35
"X2453",-47.45,-20.35
"X2454",-47.3,-20.35
"X2455",-41.75,-20.35
"X2456",-41.6,-20.35
"X2457",-41.45,-20.35
"X2458",-41.3,-20.35
"X2459",-41.15,-20.35
"X2460",-51.35,-20.2
"X2461",-51.2,-20.2
"X2462",-51.05,-20.2
"X2463",-50.9,-20.2
"X2464",-50.75,-20.2
"X2465",-50.6,-20.2
"X2466",-50.45,-20.2
"X2467",-50.3,-20.2
"X2468",-50.15,-20.2
"X2469",-50,-20.2
"X2470",-49.85,-20.2
"X2471",-49.7,-20.2
"X2472",-49.55,-20.2
"X2473",-49.4,-20.2
"X2474",-48.8,-20.2
"X2475",-48.65,-20.2
"X2476",-48.5,-20.2
"X2477",-48.35,-20.2
"X2478",-48.2,-20.2
"X2479",-48.05,-20.2
"X2480",-47.9,-20.2
"X2481",-47.75,-20.2
"X2482",-47.6,-20.2
"X2483",-47.45,-20.2
"X2484",-47.3,-20.2
"X2485",-41.3,-20.2
"X2486",-41.15,-20.2
"X2487",-41,-20.2
"X2488",-51.35,-20.05
"X2489",-51.2,-20.05
"X2490",-51.05,-20.05
"X2491",-50.9,-20.05
"X2492",-50.75,-20.05
"X2493",-50.6,-20.05
"X2494",-50.45,-20.05
"X2495",-50.3,-20.05
"X2496",-50.15,-20.05
"X2497",-50,-20.05
"X2498",-49.85,-20.05
"X2499",-49.7,-20.05
"X2500",-49.55,-20.05
"X2501",-49.4,-20.05
"X2502",-47.75,-20.05
"X2503",-47.6,-20.05
"X2504",-47.45,-20.05
"X2505",-41.3,-20.05
"X2506",-41.15,-20.05
"X2507",-41,-20.05
"X2508",-40.85,-20.05
"X2509",-51.35,-19.9
"X2510",-51.2,-19.9
"X2511",-51.05,-19.9
"X2512",-50.6,-19.9
"X2513",-50.45,-19.9
"X2514",-50.3,-19.9
"X2515",-50.15,-19.9
"X2516",-41.15,-19.9
"X2517",-41,-19.9
"X2518",-40.85,-19.9
"X2519",-51.35,-19.75
"X2520",-51.2,-19.75
"X2521",-51.05,-19.75
"X2522",-41.15,-19.75
"X2523",-41,-19.75
"X2524",-40.85,-19.75
"X2525",-40.7,-19.75
"X2526",-51.35,-19.6
"X2527",-51.2,-19.6
"X2528",-51.05,-19.6
"X2529",-41,-19.6
"X2530",-40.85,-19.6
"X2531",-40.7,-19.6
"X2532",-51.35,-19.45
"X2533",-51.2,-19.45
"X2534",-51.05,-19.45
"X2535",-50.9,-19.45
"X2536",-40.85,-19.45
"X2537",-40.7,-19.45
"X2538",-40.55,-19.45
"X2539",-51.2,-19.3
"X2540",-51.05,-19.3
"X2541",-50.9,-19.3
"X2542",-40.85,-19.3
"X2543",-40.7,-19.3
"X2544",-40.55,-19.3
"X2545",-51.05,-19.15
"X2546",-50.9,-19.15
"X2547",-50.75,-19.15
"X2548",-40.85,-19.15
"X2549",-40.7,-19.15
"X2550",-40.55,-19.15
"X2551",-51.05,-19
"X2552",-50.9,-19
"X2553",-50.75,-19
"X2554",-50.6,-19
"X2555",-41,-19
"X2556",-40.85,-19
"X2557",-40.7,-19
"X2558",-50.9,-18.85
"X2559",-50.75,-18.85
"X2560",-50.6,-18.85
"X2561",-50.45,-18.85
"X2562",-41.15,-18.85
"X2563",-41,-18.85
"X2564",-40.85,-18.85
"X2565",-40.7,-18.85
"X2566",-40.55,-18.85
"X2567",-50.75,-18.7
"X2568",-50.6,-18.7
"X2569",-50.45,-18.7
"X2570",-40.85,-18.7
"X2571",-40.7,-18.7
"X2572",-40.55,-18.7
"X2573",-50.6,-18.55
"X2574",-50.45,-18.55
"X2575",-50.3,-18.55
"X2576",-50.15,-18.55
"X2577",-50,-18.55
"X2578",-49.85,-18.55
"X2579",-49.7,-18.55
"X2580",-49.4,-18.55
"X2581",-41,-18.55
"X2582",-40.85,-18.55
"X2583",-40.7,-18.55
"X2584",-50.45,-18.4
"X2585",-50.3,-18.4
"X2586",-50.15,-18.4
"X2587",-50,-18.4
"X2588",-49.85,-18.4
"X2589",-49.7,-18.4
"X2590",-49.55,-18.4
"X2591",-49.4,-18.4
"X2592",-49.25,-18.4
"X2593",-49.1,-18.4
"X2594",-48.05,-18.4
"X2595",-47.9,-18.4
"X2596",-41.15,-18.4
"X2597",-41,-18.4
"X2598",-40.85,-18.4
"X2599",-40.7,-18.4
"X2600",-40.55,-18.4
"X2601",-50.15,-18.25
"X2602",-50,-18.25
"X2603",-49.85,-18.25
"X2604",-49.7,-18.25
"X2605",-49.55,-18.25
"X2606",-49.4,-18.25
"X2607",-49.25,-18.25
"X2608",-49.1,-18.25
"X2609",-48.95,-18.25
"X2610",-48.8,-18.25
"X2611",-48.65,-18.25
"X2612",-48.5,-18.25
"X2613",-48.35,-18.25
"X2614",-48.2,-18.25
"X2615",-48.05,-18.25
"X2616",-47.9,-18.25
"X2617",-47.75,-18.25
"X2618",-41,-18.25
"X2619",-40.85,-18.25
"X2620",-40.7,-18.25
"X2621",-40.55,-18.25
"X2622",-40.4,-18.25
"X2623",-40.25,-18.25
"X2624",-40.1,-18.25
"X2625",-39.95,-18.25
"X2626",-49.55,-18.1
"X2627",-49.4,-18.1
"X2628",-49.25,-18.1
"X2629",-49.1,-18.1
"X2630",-48.95,-18.1
"X2631",-48.8,-18.1
"X2632",-48.65,-18.1
"X2633",-48.5,-18.1
"X2634",-48.35,-18.1
"X2635",-48.2,-18.1
"X2636",-48.05,-18.1
"X2637",-47.9,-18.1
"X2638",-47.75,-18.1
"X2639",-47.6,-18.1
"X2640",-47.45,-18.1
"X2641",-40.7,-18.1
"X2642",-40.55,-18.1
"X2643",-40.4,-18.1
"X2644",-40.25,-18.1
"X2645",-40.1,-18.1
"X2646",-39.95,-18.1
"X2647",-49.1,-17.95
"X2648",-48.95,-17.95
"X2649",-48.8,-17.95
"X2650",-48.65,-17.95
"X2651",-48.5,-17.95
"X2652",-48.35,-17.95
"X2653",-48.2,-17.95
"X2654",-47.75,-17.95
"X2655",-47.6,-17.95
"X2656",-47.45,-17.95
"X2657",-40.55,-17.95
"X2658",-40.4,-17.95
"X2659",-40.1,-17.95
"X2660",-39.95,-17.95
"X2661",-39.8,-17.95
"X2662",-47.75,-17.8
"X2663",-47.6,-17.8
"X2664",-47.45,-17.8
"X2665",-40.1,-17.8
"X2666",-39.95,-17.8
"X2667",-39.8,-17.8
"X2668",-47.75,-17.65
"X2669",-47.6,-17.65
"X2670",-47.45,-17.65
"X2671",-47.3,-17.65
"X2672",-40.25,-17.65
"X2673",-40.1,-17.65
"X2674",-39.95,-17.65
"X2675",-47.9,-17.5
"X2676",-47.75,-17.5
"X2677",-47.6,-17.5
"X2678",-40.4,-17.5
"X2679",-40.25,-17.5
"X2680",-40.1,-17.5
"X2681",-39.95,-17.5
"X2682",-47.9,-17.35
"X2683",-47.75,-17.35
"X2684",-47.6,-17.35
"X2685",-40.55,-17.35
"X2686",-40.4,-17.35
"X2687",-40.25,-17.35
"X2688",-40.1,-17.35
"X2689",-47.75,-17.2
"X2690",-47.6,-17.2
"X2691",-47.45,-17.2
"X2692",-40.55,-17.2
"X2693",-40.4,-17.2
"X2694",-40.25,-17.2
"X2695",-40.1,-17.2
"X2696",-47.75,-17.05
"X2697",-47.6,-17.05
"X2698",-47.45,-17.05
"X2699",-47.3,-17.05
"X2700",-40.55,-17.05
"X2701",-40.4,-17.05
"X2702",-40.25,-17.05
"X2703",-40.1,-17.05
"X2704",-39.95,-17.05
"X2705",-47.6,-16.9
"X2706",-47.45,-16.9
"X2707",-47.3,-16.9
"X2708",-40.4,-16.9
"X2709",-40.25,-16.9
"X2710",-40.1,-16.9
"X2711",-39.95,-16.9
"X2712",-47.75,-16.75
"X2713",-47.6,-16.75
"X2714",-47.45,-16.75
"X2715",-47.3,-16.75
"X2716",-40.25,-16.75
"X2717",-40.1,-16.75
"X2718",-39.95,-16.75
"X2719",-39.8,-16.75
"X2720",-47.75,-16.6
"X2721",-47.6,-16.6
"X2722",-47.45,-16.6
"X2723",-40.25,-16.6
"X2724",-40.1,-16.6
"X2725",-39.95,-16.6
"X2726",-39.8,-16.6
"X2727",-47.75,-16.45
"X2728",-47.6,-16.45
"X2729",-47.45,-16.45
"X2730",-40.1,-16.45
"X2731",-39.95,-16.45
"X2732",-39.8,-16.45
"X2733",-39.65,-16.45
"X2734",-47.75,-16.3
"X2735",-47.6,-16.3
"X2736",-47.45,-16.3
"X2737",-39.95,-16.3
"X2738",-39.8,-16.3
"X2739",-39.65,-16.3
"X2740",-39.5,-16.3
"X2741",-47.75,-16.15
"X2742",-47.6,-16.15
"X2743",-47.45,-16.15
"X2744",-39.8,-16.15
"X2745",-39.65,-16.15
"X2746",-39.5,-16.15
"X2747",-47.6,-16
"X2748",-47.45,-16
"X2749",-47.3,-16
"X2750",-39.8,-16
"X2751",-39.65,-16
"X2752",-39.5,-16
"X2753",-47.6,-15.85
"X2754",-47.45,-15.85
"X2755",-47.3,-15.85
"X2756",-47.15,-15.85
"X2757",-47,-15.85
"X2758",-46.85,-15.85
"X2759",-40.1,-15.85
"X2760",-39.95,-15.85
"X2761",-39.8,-15.85
"X2762",-39.65,-15.85
"X2763",-47.45,-15.7
"X2764",-47.3,-15.7
"X2765",-47.15,-15.7
"X2766",-47,-15.7
"X2767",-46.85,-15.7
"X2768",-41.3,-15.7
"X2769",-41.15,-15.7
"X2770",-41,-15.7
"X2771",-40.55,-15.7
"X2772",-40.4,-15.7
"X2773",-40.25,-15.7
"X2774",-40.1,-15.7
"X2775",-39.95,-15.7
"X2776",-39.8,-15.7
"X2777",-47.3,-15.55
"X2778",-47.15,-15.55
"X2779",-47,-15.55
"X2780",-41.3,-15.55
"X2781",-41.15,-15.55
"X2782",-41,-15.55
"X2783",-40.85,-15.55
"X2784",-40.7,-15.55
"X2785",-40.55,-15.55
"X2786",-40.4,-15.55
"X2787",-40.25,-15.55
"X2788",-40.1,-15.55
"X2789",-39.95,-15.55
"X2790",-47.3,-15.4
"X2791",-47.15,-15.4
"X2792",-47,-15.4
"X2793",-41.45,-15.4
"X2794",-41.3,-15.4
"X2795",-41.15,-15.4
"X2796",-41,-15.4
"X2797",-40.85,-15.4
"X2798",-40.7,-15.4
"X2799",-40.55,-15.4
"X2800",-40.4,-15.4
"X2801",-47.3,-15.25
"X2802",-47.15,-15.25
"X2803",-47,-15.25
"X2804",-41.6,-15.25
"X2805",-41.45,-15.25
"X2806",-41.3,-15.25
"X2807",-41.15,-15.25
"X2808",-40.85,-15.25
"X2809",-47.3,-15.1
"X2810",-47.15,-15.1
"X2811",-47,-15.1
"X2812",-45.95,-15.1
"X2813",-45.8,-15.1
"X2814",-42.2,-15.1
"X2815",-42.05,-15.1
"X2816",-41.9,-15.1
"X2817",-41.75,-15.1
"X2818",-41.6,-15.1
"X2819",-41.45,-15.1
"X2820",-41.3,-15.1
"X2821",-47.3,-14.95
"X2822",-47.15,-14.95
"X2823",-47,-14.95
"X2824",-46.85,-14.95
"X2825",-46.7,-14.95
"X2826",-46.55,-14.95
"X2827",-45.95,-14.95
"X2828",-45.8,-14.95
"X2829",-45.65,-14.95
"X2830",-42.5,-14.95
"X2831",-42.35,-14.95
"X2832",-42.2,-14.95
"X2833",-42.05,-14.95
"X2834",-41.9,-14.95
"X2835",-41.75,-14.95
"X2836",-41.6,-14.95
"X2837",-41.45,-14.95
"X2838",-47.15,-14.8
"X2839",-47,-14.8
"X2840",-46.85,-14.8
"X2841",-46.7,-14.8
"X2842",-46.25,-14.8
"X2843",-46.1,-14.8
"X2844",-45.95,-14.8
"X2845",-45.8,-14.8
"X2846",-45.65,-14.8
"X2847",-45.5,-14.8
"X2848",-45.35,-14.8
"X2849",-42.8,-14.8
"X2850",-42.65,-14.8
"X2851",-42.5,-14.8
"X2852",-42.35,-14.8
"X2853",-42.2,-14.8
"X2854",-42.05,-14.8
"X2855",-41.9,-14.8
"X2856",-41.75,-14.8
"X2857",-41.6,-14.8
"X2858",-47,-14.65
"X2859",-46.85,-14.65
"X2860",-46.7,-14.65
"X2861",-46.55,-14.65
"X2862",-46.4,-14.65
"X2863",-46.25,-14.65
"X2864",-46.1,-14.65
"X2865",-45.95,-14.65
"X2866",-45.8,-14.65
"X2867",-45.65,-14.65
"X2868",-45.5,-14.65
"X2869",-45.35,-14.65
"X2870",-45.2,-14.65
"X2871",-45.05,-14.65
"X2872",-43.85,-14.65
"X2873",-43.7,-14.65
"X2874",-43.55,-14.65
"X2875",-43.4,-14.65
"X2876",-43.25,-14.65
"X2877",-43.1,-14.65
"X2878",-42.95,-14.65
"X2879",-42.8,-14.65
"X2880",-42.65,-14.65
"X2881",-42.5,-14.65
"X2882",-42.35,-14.65
"X2883",-46.85,-14.5
"X2884",-46.7,-14.5
"X2885",-46.55,-14.5
"X2886",-46.4,-14.5
"X2887",-46.25,-14.5
"X2888",-46.1,-14.5
"X2889",-45.95,-14.5
"X2890",-45.5,-14.5
"X2891",-45.35,-14.5
"X2892",-45.2,-14.5
"X2893",-45.05,-14.5
"X2894",-44.9,-14.5
"X2895",-43.85,-14.5
"X2896",-43.7,-14.5
"X2897",-43.55,-14.5
"X2898",-43.4,-14.5
"X2899",-43.25,-14.5
"X2900",-43.1,-14.5
"X2901",-42.95,-14.5
"X2902",-42.8,-14.5
"X2903",-42.65,-14.5
"X2904",-46.55,-14.35
"X2905",-46.4,-14.35
"X2906",-45.2,-14.35
"X2907",-45.05,-14.35
"X2908",-44.9,-14.35
"X2909",-44.75,-14.35
"X2910",-44.6,-14.35
"X2911",-43.7,-14.35
"X2912",-43.55,-14.35
"X2913",-43.4,-14.35
"X2914",-43.25,-14.35
"X2915",-43.1,-14.35
"X2916",-42.95,-14.35
"X2917",-42.8,-14.35
"X2918",-45.05,-14.2
"X2919",-44.9,-14.2
"X2920",-44.75,-14.2
"X2921",-44.6,-14.2
"X2922",-44.45,-14.2
"X2923",-44.3,-14.2
"X2924",-44.15,-14.2
"X2925",-44,-14.2
"X2926",-43.85,-14.2
"X2927",-43.7,-14.2
"X2928",-43.55,-14.2
"X2929",-44.75,-14.05
"X2930",-44.6,-14.05
"X2931",-44.45,-14.05
"X2932",-44.3,-14.05
"X2933",-44.15,-14.05
"X2934",-44,-14.05
"X2935",-43.85,-14.05
"X2936",-43.7,-14.05
"X2937",-43.55,-14.05
